no,category,name,description,idea,url,docsUrl,auth,status,httpStatus,elapsedMs,contentType,classification,classification_confidence,classification_reason,idea_engine_eligible,error,checkedAt
1,우주·천문·전파,Breakthrough Listen Open Data,,,https://breakthroughinitiatives.org/opendatasearch,https://breakthroughinitiatives.org/opendatasearch,none,LIVE,200.0,1281,text/html; charset=UTF-8,API_PORTAL,0.92,HTTP 200이지만 API 문서/포털/데이터 진입점 HTML을 반환함,False,,2026-08-24T06:50:03.236Z
2,우주·천문·전파,NRAO Archive TAP,,,https://data.nrao.edu/,https://science.nrao.edu/facilities/vla/archive,none,LIVE,200.0,1856,text/html; charset=UTF-8,API_PORTAL,0.99,NRAO Archive Interface HTML; 실제 API 호출 endpoint가 아니라 포털 화면,False,,2026-08-24T06:50:03.973Z
3,우주·천문·전파,NASA APOD,,,https://api.nasa.gov/planetary/apod?api_key=DEMO_KEY,https://api.nasa.gov/,api_key,LIVE,200.0,2868,application/json,REAL_API,0.96,구조화된 실제 API 응답(JSON/XML/Atom/RSS/이미지 등) 확인,True,,2026-08-24T06:50:04.988Z
4,우주·천문·전파,NASA NeoWs,,,https://api.nasa.gov/neo/rest/v1/feed/today?api_key=DEMO_KEY,https://api.nasa.gov/,api_key,LIVE,200.0,934,application/json,REAL_API,0.96,구조화된 실제 API 응답(JSON/XML/Atom/RSS/이미지 등) 확인,True,,2026-08-24T06:50:03.056Z
5,우주·천문·전파,NASA Mars Rover,,,https://api.nasa.gov/mars-photos/api/v1/rovers/curiosity/photos?sol=1000&api_key=DEMO_KEY,https://api.nasa.gov/,api_key,NOT_FOUND,404.0,1216,text/html; charset=utf-8,DEAD,0.99,404/410 또는 명백한 엔드포인트 없음,False,,2026-08-24T06:50:03.339Z
6,우주·천문·전파,NASA Horizons,,,https://ssd.jpl.nasa.gov/api/horizons.api,https://ssd.jpl.nasa.gov/horizons/,none,LIVE,200.0,555,application/json,NEEDS_REVIEW,0.93,구조화 응답이지만 테스트 요청 오류로 실제 데이터 검증이 불완전함,False,,2026-08-24T06:50:02.683Z
7,우주·천문·전파,NASA Images API,,,https://images-api.nasa.gov/search?q=apollo,https://images.nasa.gov/docs/images.nasa.gov_api_docs.pdf,none,LIVE,200.0,2166,application/json,REAL_API,0.96,구조화된 실제 API 응답(JSON/XML/Atom/RSS/이미지 등) 확인,True,,2026-08-24T06:50:04.295Z
8,우주·천문·전파,NASA Exoplanet Archive,,,https://exoplanetarchive.ipac.caltech.edu/TAP/sync?query=select+top+10+*+from+ps&format=json,https://exoplanetarchive.ipac.caltech.edu/docs/program_interfaces.html,none,LIVE,200.0,2409,application/json,REAL_API,0.96,구조화된 실제 API 응답(JSON/XML/Atom/RSS/이미지 등) 확인,True,,2026-08-24T06:50:04.540Z
9,우주·천문·전파,NASA DONKI,,,https://api.nasa.gov/DONKI/FLR?startDate=2026-08-23&endDate=2026-08-24&api_key=DEMO_KEY,https://api.nasa.gov/,api_key,LIVE,200.0,936,application/json,REAL_API,0.96,구조화된 실제 API 응답(JSON/XML/Atom/RSS/이미지 등) 확인,True,,2026-08-24T06:50:03.619Z
10,우주·천문·전파,NASA EONET,,,https://eonet.gsfc.nasa.gov/api/v3/events,https://eonet.gsfc.nasa.gov/docs/v3,none,LIVE,200.0,5423,application/rss+xml; charset=utf-8,REAL_API,0.96,구조화된 실제 API 응답(JSON/XML/Atom/RSS/이미지 등) 확인,True,,2026-08-24T06:50:08.540Z
11,우주·천문·전파,Open Notify,,,http://api.open-notify.org/iss-now.json,http://open-notify.org/Open-Notify-API/ISS-Location-Now/,none,LIVE,200.0,2426,application/json,REAL_API,0.96,구조화된 실제 API 응답(JSON/XML/Atom/RSS/이미지 등) 확인,True,,2026-08-24T06:50:05.662Z
12,우주·천문·전파,Where the ISS at?,,,https://api.wheretheiss.at/v1/satellites/25544,https://wheretheiss.at/w/developer,none,LIVE,200.0,1263,application/json,REAL_API,0.96,구조화된 실제 API 응답(JSON/XML/Atom/RSS/이미지 등) 확인,True,,2026-08-24T06:50:04.602Z
13,우주·천문·전파,Space-Track,,,https://www.space-track.org/basicspacedata/query/class/gp/decay_date/null-val,https://www.space-track.org/documentation,login,AUTH_REQUIRED,401.0,326,application/json,AUTH_REQUIRED,0.99,인증/로그인/키/토큰이 필요하거나 인증 실패 응답,True,,2026-08-24T06:50:03.945Z
14,우주·천문·전파,Launch Library 2,,,https://ll.thespacedevs.com/2.2.0/launch/upcoming/,https://ll.thespacedevs.com/2.2.0/docs/,none,LIVE,200.0,929,application/json,REAL_API,0.96,구조화된 실제 API 응답(JSON/XML/Atom/RSS/이미지 등) 확인,True,,2026-08-24T06:50:04.875Z
15,우주·천문·전파,SDO (Solar Dynamics),,,https://sdo.gsfc.nasa.gov/data/,https://sdo.gsfc.nasa.gov/data/,none,LIVE,200.0,1515,text/html; charset=UTF-8,API_PORTAL,0.92,HTTP 200이지만 API 문서/포털/데이터 진입점 HTML을 반환함,False,,2026-08-24T06:50:05.488Z
16,우주·천문·전파,Auroras.live,,,https://auroras.live/api/,https://auroras.live/,none,NOT_FOUND,404.0,430,text/html; charset=utf-8,DEAD,0.99,404/410 또는 명백한 엔드포인트 없음,False,,2026-08-24T06:50:04.725Z
17,우주·천문·전파,Sunrise-Sunset.io,,,https://api.sunrise-sunset.org/json?lat=40&lng=-74,https://sunrise-sunset.org/api,none,LIVE,200.0,426,application/json,REAL_API,0.96,구조화된 실제 API 응답(JSON/XML/Atom/RSS/이미지 등) 확인,True,,2026-08-24T06:50:04.966Z
18,우주·천문·전파,Farmsense Moon Phase,,,https://api.farmsense.net/v1/moonphases/?d=1468698035,https://www.farmsense.net/api/astro-widgets/api/,none,NETWORK_ERROR,,80,,NEEDS_REVIEW,0.97,일시적 오류/타임아웃/레이트리밋/서버오류라 재검증 필요,False,fetch failed,2026-08-24T06:50:04.682Z
19,우주·천문·전파,Asterank,,,https://www.asterank.com/api/,https://www.asterank.com/,none,NOT_FOUND,404.0,429,text/html,DEAD,0.99,404/410 또는 명백한 엔드포인트 없음,False,,2026-08-24T06:50:05.111Z
20,우주·천문·전파,ESA Copernicus Hub,,,https://dataspace.copernicus.eu/,https://documentation.dataspace.copernicus.eu/APIs.html,token,LIVE,200.0,1555,text/html; charset=UTF-8,API_PORTAL,0.92,HTTP 200이지만 API 문서/포털/데이터 진입점 HTML을 반환함,False,,2026-08-24T06:50:06.280Z
21,우주·천문·전파,USGS Earthquakes,,,https://earthquake.usgs.gov/fdsnws/event/1/query?format=geojson&limit=1,https://earthquake.usgs.gov/fdsnws/event/1/,none,LIVE,200.0,498,application/json; charset=utf-8,REAL_API,0.96,구조화된 실제 API 응답(JSON/XML/Atom/RSS/이미지 등) 확인,True,,2026-08-24T06:50:05.373Z
22,우주·천문·전파,USGS Volcano Hazards,,,https://volcanoes.usgs.gov/vsc/api/volcanoApi/geojson,https://volcanoes.usgs.gov/vsc/api/,none,LIVE,200.0,994,text/html; charset=UTF-8,REAL_API,0.99,GeoJSON 데이터가 실제 반환되었고 Content-Type만 HTML로 표시됨,True,,2026-08-24T06:50:05.962Z
23,우주·천문·전파,EMSC Earthquake,,,https://www.seismicportal.eu/fdsnws/event/1/query?limit=1&format=json,https://www.seismicportal.eu/fdsnws/event/1/,none,LIVE,200.0,2112,application/json,REAL_API,0.96,구조화된 실제 API 응답(JSON/XML/Atom/RSS/이미지 등) 확인,True,,2026-08-24T06:50:07.100Z
24,우주·천문·전파,USGS National Map,,,https://www.usgs.gov/the-national-map-data-delivery,https://www.usgs.gov/programs/national-geospatial-program/national-map,varies,TIMEOUT,,8002,,NEEDS_REVIEW,0.97,일시적 오류/타임아웃/레이트리밋/서버오류라 재검증 필요,False,This operation was aborted,2026-08-24T06:50:13.113Z
25,기상·환경·생태,Movebank API,,,https://movebank.org/cms/movebank-connections,https://www.movebank.org/cms/movebank-content/programmatic-access,varies,LIVE,200.0,5597,text/html;charset=UTF-8,API_PORTAL,0.92,HTTP 200이지만 API 문서/포털/데이터 진입점 HTML을 반환함,False,,2026-08-24T06:50:10.970Z
26,기상·환경·생태,Global Fishing Watch,,,https://gateway.api.globalfishingwatch.org/,https://globalfishingwatch.org/our-apis/,token,AUTH_REQUIRED,401.0,897,application/json; charset=utf-8,AUTH_REQUIRED,0.99,인증/로그인/키/토큰이 필요하거나 인증 실패 응답,True,,2026-08-24T06:50:06.385Z
27,기상·환경·생태,Open-Meteo,,,https://api.open-meteo.com/v1/forecast?latitude=37.5665&longitude=126.9780&current=temperature_2m,https://open-meteo.com/en/docs,none,LIVE,200.0,1303,application/json; charset=utf-8,REAL_API,0.96,구조화된 실제 API 응답(JSON/XML/Atom/RSS/이미지 등) 확인,True,,2026-08-24T06:50:06.965Z
28,기상·환경·생태,OpenWeatherMap,,,https://api.openweathermap.org/data/2.5/weather?lat=37.5665&lon=126.9780&appid=DEMO_KEY,https://openweathermap.org/api,api_key,AUTH_REQUIRED,401.0,408,application/json; charset=utf-8,AUTH_REQUIRED,0.99,인증/로그인/키/토큰이 필요하거나 인증 실패 응답,True,,2026-08-24T06:50:06.371Z
29,기상·환경·생태,WeatherAPI / Weatherbit,,,https://api.weatherapi.com/v1/current.json?key=YOUR_KEY&q=Seoul,https://www.weatherapi.com/docs/,api_key,AUTH_REQUIRED,401.0,424,application/json,AUTH_REQUIRED,0.99,인증/로그인/키/토큰이 필요하거나 인증 실패 응답,True,,2026-08-24T06:50:06.704Z
30,기상·환경·생태,Tomorrow.io,,,https://api.tomorrow.io/v4/weather/realtime?location=Seoul&apikey=YOUR_KEY,https://docs.tomorrow.io/reference,api_key,AUTH_REQUIRED,401.0,320,application/json; charset=utf-8,AUTH_REQUIRED,0.99,인증/로그인/키/토큰이 필요하거나 인증 실패 응답,True,,2026-08-24T06:50:06.691Z
31,기상·환경·생태,Meteostat,,,https://meteostat.net/en/api/,https://dev.meteostat.net/,none,NOT_FOUND,404.0,293,text/html;charset=UTF-8,DEAD,0.99,404/410 또는 명백한 엔드포인트 없음,False,,2026-08-24T06:50:06.678Z
32,기상·환경·생태,MET Norway,,,https://api.met.no/weatherapi/locationforecast/2.0/complete?lat=59.91&lon=10.75,https://api.met.no/doc/,none,LIVE,200.0,1019,application/json,REAL_API,0.96,구조화된 실제 API 응답(JSON/XML/Atom/RSS/이미지 등) 확인,True,,2026-08-24T06:50:07.699Z
33,기상·환경·생태,WAQI (World Air Quality),,,https://api.waqi.info/feed/seoul/?token=demo,https://aqicn.org/api/,token,LIVE,200.0,155,application/json; charset=UTF-8,REAL_API,0.96,구조화된 실제 API 응답(JSON/XML/Atom/RSS/이미지 등) 확인,True,,2026-08-24T06:50:06.847Z
34,기상·환경·생태,OpenAQ,,,https://api.openaq.org/v3/locations?limit=1,https://docs.openaq.org/,api_key,AUTH_REQUIRED,401.0,73,application/json,AUTH_REQUIRED,0.99,인증/로그인/키/토큰이 필요하거나 인증 실패 응답,True,,2026-08-24T06:50:06.777Z
35,기상·환경·생태,AirNow API,,,"https://www.airnowapi.org/aq/data/?startDate=2026-08-24T00-0000&endDate=2026-08-24T01-0000&parameters=PM25&BBOX=-74,40,-73,41&dataType=A&format=application/json&verbose=1&monitorType=0&includerawconcentrations=0&API_KEY=YOUR_KEY",https://docs.airnowapi.org/,api_key,AUTH_REQUIRED,401.0,2267,application/json;charset=UTF-8,AUTH_REQUIRED,0.99,인증/로그인/키/토큰이 필요하거나 인증 실패 응답,True,,2026-08-24T06:50:09.044Z
36,기상·환경·생태,Stormglass,,,https://api.stormglass.io/v2/weather/point?lat=59.9&lng=10.7&params=airTemperature,https://docs.stormglass.io/,api_key,FORBIDDEN,403.0,848,application/json,AUTH_REQUIRED,0.99,인증/로그인/키/토큰이 필요하거나 인증 실패 응답,True,,2026-08-24T06:50:07.695Z
37,기상·환경·생태,NOAA Tides & Currents,,,https://api.tidesandcurrents.noaa.gov/api/prod/datagetter?date=today&station=8518750&product=water_level&datum=MLLW&units=english&time_zone=lst_ldt&format=json,https://api.tidesandcurrents.noaa.gov/api/prod/,none,LIVE,200.0,1099,application/json;charset=UTF-8,REAL_API,0.96,구조화된 실제 API 응답(JSON/XML/Atom/RSS/이미지 등) 확인,True,,2026-08-24T06:50:08.064Z
38,기상·환경·생태,USGS Water Services,,,https://waterservices.usgs.gov/nwis/iv/?format=json&sites=01646500&parameterCd=00060,https://waterservices.usgs.gov/,none,LIVE,200.0,1170,application/json,REAL_API,0.96,구조화된 실제 API 응답(JSON/XML/Atom/RSS/이미지 등) 확인,True,,2026-08-24T06:50:08.270Z
39,기상·환경·생태,GBIF API,,,https://api.gbif.org/v1/species/match?name=Puma%20concolor,https://techdocs.gbif.org/openapi/,none,LIVE,200.0,849,application/json,REAL_API,0.96,구조화된 실제 API 응답(JSON/XML/Atom/RSS/이미지 등) 확인,True,,2026-08-24T06:50:08.544Z
40,기상·환경·생태,eBird API,,,https://api.ebird.org/v2/data/obs/geo/recent?lat=37.5665&lng=126.9780&maxResults=1&key=YOUR_KEY,https://documenter.getpostman.com/view/664302/S1ENwy59,api_key,FORBIDDEN,403.0,1046,,AUTH_REQUIRED,0.99,인증/로그인/키/토큰이 필요하거나 인증 실패 응답,True,,2026-08-24T06:50:08.745Z
41,기상·환경·생태,iNaturalist,,,https://api.inaturalist.org/v1/observations?lat=37.5665&lng=126.978&per_page=1,https://api.inaturalist.org/,none,LIVE,200.0,1044,application/json; charset=utf-8,REAL_API,0.96,구조화된 실제 API 응답(JSON/XML/Atom/RSS/이미지 등) 확인,True,,2026-08-24T06:50:09.109Z
42,기상·환경·생태,Global Forest Watch,,,https://data-api.globalforestwatch.org/,https://data-api.globalforestwatch.org/,varies,LIVE,200.0,3098,text/html; charset=utf-8,API_PORTAL,0.92,HTTP 200이지만 API 문서/포털/데이터 진입점 HTML을 반환함,False,,2026-08-24T06:50:11.368Z
43,기상·환경·생태,NOAA Climate CDO,,,https://www.ncei.noaa.gov/cdo-web/api/v2/data?datasetid=GHCND&limit=1,https://www.ncei.noaa.gov/cdo-web/webservices/v2,token,HTTP_ERROR,400.0,831,application/json;charset=utf-8,NEEDS_REVIEW,0.93,구조화 응답이지만 테스트 요청 오류로 실제 데이터 검증이 불완전함,False,,2026-08-24T06:50:09.371Z
44,기상·환경·생태,Copernicus ERA5,,,https://cds.climate.copernicus.eu/api/v2,https://cds.climate.copernicus.eu/how-to-api,token,NOT_FOUND,404.0,1411,application/json; charset=utf-8,DEAD,0.99,404/410 또는 명백한 엔드포인트 없음,False,,2026-08-24T06:50:09.955Z
45,기상·환경·생태,Carbon Interface,,,https://www.carboninterface.com/api/v1/,https://docs.carboninterface.com/,api_key,NOT_FOUND,404.0,1626,text/html; charset=UTF-8,DEAD,0.99,404/410 또는 명백한 엔드포인트 없음,False,,2026-08-24T06:50:10.371Z
46,기상·환경·생태,Climatiq,,,https://api.climatiq.io/,https://www.climatiq.io/docs/api,api_key,NOT_FOUND,404.0,1550,application/json,DEAD,0.99,404/410 또는 명백한 엔드포인트 없음,False,,2026-08-24T06:50:10.594Z
47,기상·환경·생태,Windy Forecast,,,https://api.windy.com/,https://api.windy.com/,api_key,LIVE,200.0,142,text/html,API_PORTAL,0.92,HTTP 200이지만 API 문서/포털/데이터 진입점 HTML을 반환함,False,,2026-08-24T06:50:09.251Z
48,기상·환경·생태,MarineTraffic / AISHub,,,https://www.marinetraffic.com/en/ais-api-services,https://www.marinetraffic.com/en/p/api-services,api_key,LIVE,200.0,299,text/html; charset=utf-8,API_PORTAL,0.92,HTTP 200이지만 API 문서/포털/데이터 진입점 HTML을 반환함,False,,2026-08-24T06:50:09.550Z
49,기상·환경·생태,OpenUV,,,https://openuv.io/api/v1/uv?lat=37.5665&lng=126.9780,https://www.openuv.io/,api_key,TIMEOUT,,8000,,NEEDS_REVIEW,0.97,일시적 오류/타임아웃/레이트리밋/서버오류라 재검증 필요,False,This operation was aborted,2026-08-24T06:50:17.371Z
50,기상·환경·생태,GDACS / ReliefWeb,,,https://www.gdacs.org/gdacsapi/,https://www.gdacs.org/,none,NOT_FOUND,404.0,1680,,DEAD,0.99,404/410 또는 명백한 엔드포인트 없음,False,,2026-08-24T06:50:11.230Z
51,대한민국 공공·서울,서울시 V2X 신호제어기 잔여시간,,,https://data.seoul.go.kr/,https://data.seoul.go.kr/,service_key,LIVE,200.0,349,text/html;charset=UTF-8,API_PORTAL,0.92,HTTP 200이지만 API 문서/포털/데이터 진입점 HTML을 반환함,False,,2026-08-24T06:50:10.304Z
52,대한민국 공공·서울,서울 실시간 도시데이터,,,https://data.seoul.go.kr/,https://data.seoul.go.kr/,service_key,LIVE,200.0,258,text/html;charset=UTF-8,API_PORTAL,0.99,data.go.kr 서울 실시간 도시데이터 포털 화면,False,,2026-08-24T06:50:10.562Z
53,대한민국 공공·서울,서울시 따릉이 대여정보,,,https://data.seoul.go.kr/,https://data.seoul.go.kr/,service_key,LIVE,200.0,326,text/html;charset=UTF-8,API_PORTAL,0.99,data.go.kr 서울 따릉이 데이터 포털 화면,False,,2026-08-24T06:50:10.697Z
54,대한민국 공공·서울,서울 지하철 도착정보,,,https://data.seoul.go.kr/,https://data.seoul.go.kr/,service_key,LIVE,200.0,255,text/html;charset=UTF-8,API_PORTAL,0.99,data.go.kr 서울 지하철 데이터 포털 화면,False,,2026-08-24T06:50:10.818Z
55,대한민국 공공·서울,서울시 교통 돌발/통제,,,https://data.seoul.go.kr/,https://data.seoul.go.kr/,service_key,LIVE,200.0,282,text/html;charset=UTF-8,API_PORTAL,0.99,data.go.kr 서울 교통 데이터 포털 화면,False,,2026-08-24T06:50:10.876Z
56,대한민국 공공·서울,공공데이터포털 TAGO,,,https://www.data.go.kr/,https://www.data.go.kr/,service_key,LIVE,200.0,271,text/html;charset=UTF-8,API_PORTAL,0.92,HTTP 200이지만 API 문서/포털/데이터 진입점 HTML을 반환함,False,,2026-08-24T06:50:10.968Z
57,대한민국 공공·서울,한국도로공사 고속도로 CCTV,,,https://www.data.go.kr/,https://www.data.go.kr/,service_key,LIVE,200.0,232,text/html;charset=UTF-8,API_PORTAL,0.99,data.go.kr 데이터 페이지,False,,2026-08-24T06:50:11.050Z
58,대한민국 공공·서울,한국철도공사 열차운행 정보,,,https://www.data.go.kr/,https://www.data.go.kr/,service_key,LIVE,200.0,239,text/html;charset=UTF-8,API_PORTAL,0.99,data.go.kr 데이터 페이지,False,,2026-08-24T06:50:11.116Z
59,대한민국 공공·서울,공공데이터포털 (data.go.kr),,,https://www.data.go.kr/,https://www.data.go.kr/,service_key,LIVE,200.0,258,text/html;charset=UTF-8,API_PORTAL,0.92,HTTP 200이지만 API 문서/포털/데이터 진입점 HTML을 반환함,False,,2026-08-24T06:50:11.226Z
60,대한민국 공공·서울,한국은행 ECOS,,,https://ecos.bok.or.kr/api/,https://ecos.bok.or.kr/api/,api_key,LIVE,200.0,39,text/html,API_PORTAL,0.99,한국은행 ECOS API 포털 화면,False,,2026-08-24T06:50:11.009Z
61,대한민국 공공·서울,DART 전자공시 오픈API,,,https://opendart.fss.or.kr/api/,https://opendart.fss.or.kr/,api_key,LIVE,200.0,52,application/json;charset=UTF-8,REAL_API,0.96,구조화된 실제 API 응답(JSON/XML/Atom/RSS/이미지 등) 확인,True,,2026-08-24T06:50:11.061Z
62,대한민국 공공·서울,국가법령정보 공동활용,,,https://www.law.go.kr/DRF/lawService.do,https://open.law.go.kr/,api_key,LIVE,200.0,227,application/xml;charset=UTF-8,NEEDS_REVIEW,0.93,구조화 응답이지만 테스트 요청 오류로 실제 데이터 검증이 불완전함,False,,2026-08-24T06:50:11.277Z
63,대한민국 공공·서울,국세청 사업자등록 상태조회,,,https://api.odcloud.kr/api/nts-businessman/v1/status,https://www.data.go.kr/data/15081808/openapi.do,service_key,AUTH_REQUIRED,401.0,44,application/json; charset=UTF-8,AUTH_REQUIRED,0.99,인증/로그인/키/토큰이 필요하거나 인증 실패 응답,True,,2026-08-24T06:50:11.105Z
64,대한민국 공공·서울,열린국회정보 API,,,https://open.assembly.go.kr/portal/openapi/main.do,https://open.assembly.go.kr/portal/openapi/main.do,api_key,LIVE,200.0,492,text/html;charset=UTF-8,API_PORTAL,0.99,열린국회정보 API 포털 화면,False,,2026-08-24T06:50:11.597Z
65,대한민국 공공·서울,통계청 KOSIS,,,https://kosis.kr/openapi/,https://kosis.kr/openapi/,api_key,LIVE,200.0,1745,text/html;charset=UTF-8,API_PORTAL,0.99,KOSIS OpenAPI 포털 화면,False,,2026-08-24T06:50:12.862Z
66,대한민국 공공·서울,식약처 영양성분 DB,,,https://apis.data.go.kr/1471000/FoodNtrIrdntInfoService1,https://www.data.go.kr/,service_key,HTTP_ERROR,400.0,48,application/json,DEAD,0.99,응답이 서비스 폐기/존재하지 않음을 명시,False,,2026-08-24T06:50:11.274Z
67,대한민국 공공·서울,국립중앙도서관 서지정보,,,https://www.nl.go.kr/NL/search/openApi/search.do,https://www.nl.go.kr/NL/contents/N30501000000.do,api_key,LIVE,200.0,75,text/xml;charset=UTF-8,REAL_API,0.96,구조화된 실제 API 응답(JSON/XML/Atom/RSS/이미지 등) 확인,True,,2026-08-24T06:50:11.305Z
68,대한민국 공공·서울,국립국어원 우리말샘,,,https://opendict.korean.go.kr/openapi.do,https://opendict.korean.go.kr/service/openApi/openApiMain,api_key,NOT_FOUND,404.0,46,text/html; charset=UTF-8,DEAD,0.99,404/410 또는 명백한 엔드포인트 없음,False,,2026-08-24T06:50:11.320Z
69,대한민국 공공·서울,우체국 우편번호 검색,,,https://www.juso.go.kr/addrlink/devAddrLinkRequestGuideDevUrl.do,https://www.juso.go.kr/addrlink/devAddrLinkRequestGuideDescList.do,api_key,NOT_FOUND,404.0,79,text/html; charset=UTF-8,DEAD,0.99,404/410 또는 명백한 엔드포인트 없음,False,,2026-08-24T06:50:11.356Z
70,대한민국 공공·서울,KRX 정보데이터시스템,,,https://openapi.krx.co.kr/,https://openapi.krx.co.kr/,api_key,LIVE,200.0,105,text/html;charset=UTF-8,API_PORTAL,0.99,KRX Open API 포털 화면,False,,2026-08-24T06:50:11.410Z
71,글로벌 모빌리티·항공,OpenSky Network,,,https://opensky-network.org/api/states/all,https://openskynetwork.github.io/opensky-api/rest.html,none/account,LIVE,200.0,2036,application/json,REAL_API,0.96,구조화된 실제 API 응답(JSON/XML/Atom/RSS/이미지 등) 확인,True,,2026-08-24T06:50:13.379Z
72,글로벌 모빌리티·항공,FlightAware / Aviationstack,,,https://aviationstack.com/documentation,https://aviationstack.com/documentation,api_key,LIVE,200.0,1981,text/html; charset=utf-8,API_PORTAL,0.92,HTTP 200이지만 API 문서/포털/데이터 진입점 HTML을 반환함,False,,2026-08-24T06:50:13.337Z
73,글로벌 모빌리티·항공,TfL Unified API,,,https://api.tfl.gov.uk/Line/Mode/tube/Status,https://api-portal.tfl.gov.uk/,api_key,LIVE,200.0,1242,application/json; charset=utf-8,REAL_API,0.96,구조화된 실제 API 응답(JSON/XML/Atom/RSS/이미지 등) 확인,True,,2026-08-24T06:50:12.610Z
74,글로벌 모빌리티·항공,NYC MTA Subway GTFS-RT,,,https://api-endpoint.mta.info/Dataservice/mtagtfsfeeds/nyct%2Fgtfs,https://new.mta.info/developers,none,LIVE,200.0,1045,application/json,REAL_API,0.96,구조화된 실제 API 응답(JSON/XML/Atom/RSS/이미지 등) 확인,True,,2026-08-24T06:50:12.458Z
75,글로벌 모빌리티·항공,BART API,,,https://api.bart.gov/api/etd.aspx?cmd=etd&json=y&key=DEMO_KEY,https://api.bart.gov/,key,FORBIDDEN,403.0,292,text/html; charset=UTF-8,AUTH_REQUIRED,0.99,인증/로그인/키/토큰이 필요하거나 인증 실패 응답,True,,2026-08-24T06:50:11.889Z
76,글로벌 모빌리티·항공,CTA API (Chicago),,,https://www.transitchicago.com/developers/,https://www.transitchicago.com/developers/,api_key,FORBIDDEN,403.0,355,text/html; charset=UTF-8,AUTH_REQUIRED,0.99,인증/로그인/키/토큰이 필요하거나 인증 실패 응답,True,,2026-08-24T06:50:12.244Z
77,글로벌 모빌리티·항공,MBTA V3 API (Boston),,,https://api-v3.mbta.com/,https://api-v3.mbta.com/,api_key,LIVE,200.0,1068,text/html; charset=utf-8,API_PORTAL,0.92,HTTP 200이지만 API 문서/포털/데이터 진입점 HTML을 반환함,False,,2026-08-24T06:50:13.312Z
78,글로벌 모빌리티·항공,WMATA API (Washington DC),,,https://api.wmata.com/StationPrediction.svc/json/GetPrediction/A01?api_key=YOUR_KEY,https://developer.wmata.com/,api_key,AUTH_REQUIRED,401.0,989,application/json,AUTH_REQUIRED,0.99,인증/로그인/키/토큰이 필요하거나 인증 실패 응답,True,,2026-08-24T06:50:13.447Z
79,글로벌 모빌리티·항공,LA Metro API,,,https://developer.metro.net/introduction/realtime-api-overview/,https://developer.metro.net/introduction/realtime-api-overview/,none,NOT_FOUND,404.0,1633,text/html; charset=UTF-8,DEAD,0.99,404/410 또는 명백한 엔드포인트 없음,False,,2026-08-24T06:50:14.243Z
80,글로벌 모빌리티·항공,SFMTA API (San Francisco),,,https://www.sfmta.com/developer-resources,https://www.sfmta.com/developer-resources,none,NOT_FOUND,404.0,881,text/html; charset=UTF-8,DEAD,0.99,404/410 또는 명백한 엔드포인트 없음,False,,2026-08-24T06:50:13.743Z
81,글로벌 모빌리티·항공,Transit NSW (Australia),,,https://opendata.transport.nsw.gov.au/,https://opendata.transport.nsw.gov.au/,api_key,LIVE,200.0,815,text/html; charset=UTF-8,API_PORTAL,0.99,Transit NSW 오픈데이터 포털 화면,False,,2026-08-24T06:50:13.929Z
82,글로벌 모빌리티·항공,Translink Open Data,,,https://www.translink.ca/about-us/doing-business-with-translink/open-data,https://www.translink.ca/about-us/doing-business-with-translink/open-data,none,NOT_FOUND,404.0,1767,text/html; charset=utf-8,DEAD,0.99,404/410 또는 명백한 엔드포인트 없음,False,,2026-08-24T06:50:15.080Z
83,글로벌 모빌리티·항공,TTC Open Data (Toronto),,,https://open.toronto.ca/dataset/ttc-real-time-next-vehicle-departures/,https://open.toronto.ca/,none,LIVE,200.0,1030,text/html; charset=UTF-8,API_PORTAL,0.99,TTC 오픈데이터 데이터셋 페이지,False,,2026-08-24T06:50:14.367Z
84,글로벌 모빌리티·항공,Transport for Ireland,,,https://www.transportforireland.ie/transitData/,https://www.transportforireland.ie/transitData/,none,FORBIDDEN,403.0,1777,text/plain,AUTH_REQUIRED,0.99,인증/로그인/키/토큰이 필요하거나 인증 실패 응답,True,,2026-08-24T06:50:15.156Z
85,글로벌 모빌리티·항공,CityBikes,,,https://api.citybik.es/v2/networks,https://api.citybik.es/v2/,none,LIVE,200.0,1738,application/json,REAL_API,0.96,구조화된 실제 API 응답(JSON/XML/Atom/RSS/이미지 등) 확인,True,,2026-08-24T06:50:15.192Z
86,글로벌 모빌리티·항공,GBFS Feed,,,https://github.com/MobilityData/gbfs,https://gbfs.org/,none,LIVE,200.0,704,text/html; charset=utf-8,API_PORTAL,0.92,HTTP 200이지만 API 문서/포털/데이터 진입점 HTML을 반환함,False,,2026-08-24T06:50:14.447Z
87,글로벌 모빌리티·항공,Open Charge Map,,,https://openchargemap.io/site/develop/api,https://openchargemap.io/site/develop/api,api_key,LIVE,200.0,1504,text/html; charset=utf-8,API_PORTAL,0.92,HTTP 200이지만 API 문서/포털/데이터 진입점 HTML을 반환함,False,,2026-08-24T06:50:15.433Z
88,글로벌 모빌리티·항공,Transitland API,,,https://www.transit.land/api/v2/rest,https://www.transit.land/documentation/,varies,NOT_FOUND,404.0,180,application/json,DEAD,0.99,404/410 또는 명백한 엔드포인트 없음,False,,2026-08-24T06:50:14.424Z
89,글로벌 모빌리티·항공,MobilityData Catalog,,,https://mobilitydatabase.org/,https://mobilitydatabase.org/,none,LIVE,200.0,1354,text/html; charset=utf-8,API_PORTAL,0.99,MobilityData 카탈로그 포털,False,,2026-08-24T06:50:15.722Z
90,글로벌 모빌리티·항공,TomTom Traffic,,,https://api.tomtom.com/traffic/services/4/flowSegmentData/absolute/10/json,https://developer.tomtom.com/traffic-api/documentation,api_key,AUTH_REQUIRED,401.0,638,application/json,AUTH_REQUIRED,0.99,인증/로그인/키/토큰이 필요하거나 인증 실패 응답,True,,2026-08-24T06:50:15.063Z
91,글로벌 모빌리티·항공,HERE Routing API,,,https://router.hereapi.com/v8/routes,https://developer.here.com/documentation/routing-api/,api_key,AUTH_REQUIRED,401.0,368,application/json,AUTH_REQUIRED,0.99,인증/로그인/키/토큰이 필요하거나 인증 실패 응답,True,,2026-08-24T06:50:14.815Z
92,글로벌 모빌리티·항공,OpenRouteService,,,https://api.openrouteservice.org/v2/directions/driving-car,https://openrouteservice.org/dev/#/api-docs,api_key,AUTH_REQUIRED,401.0,1194,application/json,AUTH_REQUIRED,0.99,인증/로그인/키/토큰이 필요하거나 인증 실패 응답,True,,2026-08-24T06:50:16.009Z
93,글로벌 모빌리티·항공,OSRM,,,"https://router.project-osrm.org/route/v1/driving/126.978,37.5665;127.0276,37.4979?overview=false",https://project-osrm.org/,none,LIVE,200.0,1051,application/json; charset=UTF-8,REAL_API,0.96,구조화된 실제 API 응답(JSON/XML/Atom/RSS/이미지 등) 확인,True,,2026-08-24T06:50:16.114Z
94,글로벌 모빌리티·항공,Valhalla Routing,,,https://valhalla1.openstreetmap.de/route,https://github.com/valhalla/valhalla,none,HTTP_ERROR,400.0,961,application/json;charset=utf-8,NEEDS_REVIEW,0.93,엔드포인트는 응답하지만 테스트 요청 파라미터/HTTP 메서드가 맞지 않아 실제 데이터 검증 미완료,False,,2026-08-24T06:50:16.041Z
95,글로벌 모빌리티·항공,OpenTripPlanner,,,https://www.opentripplanner.org/,https://www.opentripplanner.org/,none,LIVE,200.0,522,text/html; charset=utf-8,WEB_PAGE,0.98,OpenTripPlanner 프로젝트 홈페이지; 실제 API는 별도 배포/엔드포인트 필요,False,,2026-08-24T06:50:15.678Z
96,지도·공간정보,OSM Overpass API,,,https://overpass-api.de/api/interpreter,https://wiki.openstreetmap.org/wiki/Overpass_API,none,HTTP_ERROR,400.0,1199,text/html; charset=utf-8,NEEDS_REVIEW,0.99,Overpass API 엔드포인트에 유효한 쿼리 없이 호출되어 400; 실제 API 여부는 높지만 검증 요청 재실행 필요,False,,2026-08-24T06:50:16.391Z
97,지도·공간정보,Nominatim,,,https://nominatim.openstreetmap.org/search?q=Seoul&format=jsonv2,https://nominatim.org/release-docs/latest/api/Search/,none,LIVE,200.0,388,application/json; charset=utf-8,REAL_API,0.96,구조화된 실제 API 응답(JSON/XML/Atom/RSS/이미지 등) 확인,True,,2026-08-24T06:50:15.821Z
98,지도·공간정보,Photon Geocoder,,,https://photon.komoot.io/api/?q=Seoul&limit=1,https://github.com/komoot/photon,none,LIVE,200.0,939,application/json,REAL_API,0.96,구조화된 실제 API 응답(JSON/XML/Atom/RSS/이미지 등) 확인,True,,2026-08-24T06:50:16.617Z
99,지도·공간정보,Pelias Geocoder,,,https://pelias.github.io/,https://github.com/pelias/documentation,none,NOT_FOUND,404.0,224,text/html; charset=utf-8,DEAD,0.99,404/410 또는 명백한 엔드포인트 없음,False,,2026-08-24T06:50:15.946Z
100,지도·공간정보,OpenCage Geocoding,,,https://api.opencagedata.com/geocode/v1/json?q=Seoul&key=YOUR_KEY,https://opencagedata.com/api,api_key,AUTH_REQUIRED,401.0,719,application/json; charset=utf-8,AUTH_REQUIRED,0.99,인증/로그인/키/토큰이 필요하거나 인증 실패 응답,True,,2026-08-24T06:50:16.540Z
101,지도·공간정보,Mapbox Maps API,,,https://api.mapbox.com/geocoding/v5/mapbox.places/Seoul.json?access_token=YOUR_TOKEN,https://docs.mapbox.com/api/,token,AUTH_REQUIRED,401.0,157,application/json; charset=utf-8,AUTH_REQUIRED,0.99,인증/로그인/키/토큰이 필요하거나 인증 실패 응답,True,,2026-08-24T06:50:16.103Z
102,지도·공간정보,Mapillary API,,,"https://graph.mapillary.com/images?access_token=YOUR_TOKEN&fields=id,computed_geometry&bbox=126.97,37.56,126.99,37.58",https://www.mapillary.com/developer/api-documentation/,token,HTTP_ERROR,400.0,160,application/json; charset=UTF-8,NEEDS_REVIEW,0.93,구조화 응답이지만 테스트 요청 오류로 실제 데이터 검증이 불완전함,False,,2026-08-24T06:50:16.169Z
103,지도·공간정보,Natural Earth Data,,,https://www.naturalearthdata.com/,https://www.naturalearthdata.com/,none,LIVE,200.0,1050,text/html; charset=UTF-8,WEB_PAGE,0.98,Natural Earth 데이터 웹사이트,False,,2026-08-24T06:50:17.091Z
104,지도·공간정보,GeoNames API,,,http://api.geonames.org/searchJSON?q=Seoul&maxRows=1&username=demo,https://www.geonames.org/export/web-services.html,username,LIVE,200.0,989,application/json;charset=UTF-8,REAL_API,0.96,구조화된 실제 API 응답(JSON/XML/Atom/RSS/이미지 등) 확인,True,,2026-08-24T06:50:17.092Z
105,지도·공간정보,REST Countries,,,https://restcountries.com/v3.1/name/Korea,https://restcountries.com/,none,LIVE,200.0,327,application/json,REAL_API,0.96,구조화된 실제 API 응답(JSON/XML/Atom/RSS/이미지 등) 확인,True,,2026-08-24T06:50:16.441Z
106,지도·공간정보,CARTO Location API,,,https://carto.com/developers/carto-for-developers/api-reference/,https://carto.com/developers/carto-for-developers/api-reference/,token,LIVE,200.0,232,text/html; charset=utf-8,API_PORTAL,0.92,HTTP 200이지만 API 문서/포털/데이터 진입점 HTML을 반환함,False,,2026-08-24T06:50:16.402Z
107,지도·공간정보,Geoapify API,,,https://api.geoapify.com/v1/geocode/search?text=Seoul&apiKey=YOUR_KEY,https://apidocs.geoapify.com/,api_key,AUTH_REQUIRED,401.0,1045,application/json; charset=utf-8,AUTH_REQUIRED,0.99,인증/로그인/키/토큰이 필요하거나 인증 실패 응답,True,,2026-08-24T06:50:17.436Z
108,지도·공간정보,What3Words,,,https://api.what3words.com/v3/convert-to-coordinates?words=filled.count.soap&key=YOUR_KEY,https://developer.what3words.com/public-api/docs,api_key,AUTH_REQUIRED,401.0,132,application/json;charset=utf-8,AUTH_REQUIRED,0.99,인증/로그인/키/토큰이 필요하거나 인증 실패 응답,True,,2026-08-24T06:50:16.534Z
109,지도·공간정보,OpenAddresses,,,https://results.openaddresses.io/,https://openaddresses.io/,none,LIVE,200.0,1179,text/html; charset=utf-8,WEB_PAGE,0.98,OpenAddresses 데이터 다운로드 웹사이트,False,,2026-08-24T06:50:17.625Z
110,지도·공간정보,BigDataCloud Geocoding,,,https://api.bigdatacloud.net/data/reverse-geocode-client?latitude=37.5665&longitude=126.9780&localityLanguage=en,https://www.bigdatacloud.com/,none,LIVE,200.0,294,application/json; charset=utf-8,REAL_API,0.96,구조화된 실제 API 응답(JSON/XML/Atom/RSS/이미지 등) 확인,True,,2026-08-24T06:50:16.828Z
111,지도·공간정보,IP-API / ipwho.is,,,http://ip-api.com/json/,https://ip-api.com/docs/,none,LIVE,200.0,236,application/json; charset=utf-8,REAL_API,0.96,구조화된 실제 API 응답(JSON/XML/Atom/RSS/이미지 등) 확인,True,,2026-08-24T06:50:16.776Z
112,지도·공간정보,ipinfo.io / ipapi,,,https://ipinfo.io/json,https://ipinfo.io/developers,token,LIVE,200.0,200,application/json,REAL_API,0.96,구조화된 실제 API 응답(JSON/XML/Atom/RSS/이미지 등) 확인,True,,2026-08-24T06:50:16.818Z
113,지도·공간정보,WorldTimeAPI,,,https://worldtimeapi.org/api/timezone/Asia/Seoul,https://worldtimeapi.org/pages/api,none,NETWORK_ERROR,,180,,NEEDS_REVIEW,0.97,일시적 오류/타임아웃/레이트리밋/서버오류라 재검증 필요,False,fetch failed,2026-08-24T06:50:16.956Z
114,지도·공간정보,Foursquare Places,,,"https://api.foursquare.com/v3/places/search?ll=37.5665,126.9780&limit=1",https://docs.foursquare.com/reference/,api_key,AUTH_REQUIRED,401.0,239,application/json;charset=utf-8,AUTH_REQUIRED,0.99,인증/로그인/키/토큰이 필요하거나 인증 실패 응답,True,,2026-08-24T06:50:17.058Z
115,지도·공간정보,Geocodify,,,https://geocodify.com/,https://geocodify.com/,api_key,LIVE,200.0,1239,text/html; charset=utf-8,WEB_PAGE,0.98,Geocodify 홈페이지,False,,2026-08-24T06:50:18.067Z
116,글로벌 정부·공공통계,Data.gov Catalog,,,https://api.gsa.gov/technology/open-gsa-api/api/codex/v1,https://api.gsa.gov/,api_key,NOT_FOUND,404.0,947,application/json,DEAD,0.99,404/410 또는 명백한 엔드포인트 없음,False,,2026-08-24T06:50:17.903Z
117,글로벌 정부·공공통계,US Census API,,,"https://api.census.gov/data/2024/acs/acs5?get=NAME,B01001_001E&for=state:*",https://www.census.gov/data/developers/data-sets.html,none,LIVE,200.0,1896,text/html,API_PORTAL,0.92,HTTP 200이지만 API 문서/포털/데이터 진입점 HTML을 반환함,False,,2026-08-24T06:50:18.954Z
118,글로벌 정부·공공통계,SEC EDGAR API,,,https://data.sec.gov/submissions/CIK0000320193.json,https://www.sec.gov/edgar/sec-api-documentation,User-Agent,LIVE,200.0,213,application/json,REAL_API,0.96,구조화된 실제 API 응답(JSON/XML/Atom/RSS/이미지 등) 확인,True,,2026-08-24T06:50:17.306Z
119,글로벌 정부·공공통계,Federal Register API,,,https://www.federalregister.gov/api/v1/documents.json?per_page=1,https://www.federalregister.gov/developers/documentation/api/v1,none,LIVE,200.0,784,application/json; charset=utf-8,REAL_API,0.96,구조화된 실제 API 응답(JSON/XML/Atom/RSS/이미지 등) 확인,True,,2026-08-24T06:50:17.876Z
120,글로벌 정부·공공통계,Congress.gov API,,,https://api.congress.gov/v3/bill?format=json&limit=1&api_key=DEMO_KEY,https://api.congress.gov/,api_key,LIVE,200.0,709,application/json,REAL_API,0.96,구조화된 실제 API 응답(JSON/XML/Atom/RSS/이미지 등) 확인,True,,2026-08-24T06:50:18.015Z
121,글로벌 정부·공공통계,GovInfo API,,,https://www.govinfo.gov/wssearch/rb//?fetchChildrenOnly=0,https://www.govinfo.gov/features/api,none,NOT_FOUND,404.0,439,text/html,DEAD,0.99,404/410 또는 명백한 엔드포인트 없음,False,,2026-08-24T06:50:17.810Z
122,글로벌 정부·공공통계,CDC API,,,https://data.cdc.gov/,https://data.cdc.gov/,token,LIVE,200.0,1880,text/html; charset=utf-8,API_PORTAL,0.92,HTTP 200이지만 API 문서/포털/데이터 진입점 HTML을 반환함,False,,2026-08-24T06:50:19.317Z
123,글로벌 정부·공공통계,EPA Envirofacts,,,https://data.epa.gov/efservice/,https://www.epa.gov/enviro/envirofacts-data-service-api,none,NOT_FOUND,404.0,1668,text/html; charset=utf-8,DEAD,0.99,404/410 또는 명백한 엔드포인트 없음,False,,2026-08-24T06:50:19.293Z
124,글로벌 정부·공공통계,FEMA API,,,https://www.fema.gov/api/open/v2/DisasterDeclarationsSummaries?$top=1,https://www.fema.gov/about/openfema/api,none,LIVE,200.0,376,application/json; charset=utf-8,REAL_API,0.96,구조화된 실제 API 응답(JSON/XML/Atom/RSS/이미지 등) 확인,True,,2026-08-24T06:50:18.187Z
125,글로벌 정부·공공통계,EIA Open Data,,,https://api.eia.gov/v2/electricity/retail-sales/data/?api_key=DEMO_KEY&length=1,https://www.eia.gov/opendata/documentation.php,api_key,LIVE,200.0,1319,application/json,REAL_API,0.96,구조화된 실제 API 응답(JSON/XML/Atom/RSS/이미지 등) 확인,True,,2026-08-24T06:50:19.195Z
126,글로벌 정부·공공통계,NREL Developer API,,,https://developer.nrel.gov/api/alt-fuel-stations/v1.json?api_key=DEMO_KEY&limit=1,https://developer.nrel.gov/docs/,api_key,NETWORK_ERROR,,44,,NEEDS_REVIEW,0.97,일시적 오류/타임아웃/레이트리밋/서버오류라 재검증 필요,False,fetch failed,2026-08-24T06:50:17.947Z
127,글로벌 정부·공공통계,World Bank Open Data,,,https://api.worldbank.org/v2/country/KOR/indicator/SP.POP.TOTL?format=json&per_page=1,https://datahelpdesk.worldbank.org/knowledgebase/articles/889392-about-the-indicators-api-documentation,none,LIVE,200.0,221,application/json;charset=utf-8,REAL_API,0.96,구조화된 실제 API 응답(JSON/XML/Atom/RSS/이미지 등) 확인,True,,2026-08-24T06:50:18.168Z
128,글로벌 정부·공공통계,IMF JSON REST API,,,https://www.imf.org/external/datamapper/api/v1/NGDP_RPCH,https://www.imf.org/external/datamapper/api/v1,none,LIVE,200.0,987,application/json,REAL_API,0.96,구조화된 실제 API 응답(JSON/XML/Atom/RSS/이미지 등) 확인,True,,2026-08-24T06:50:19.016Z
129,글로벌 정부·공공통계,OECD Data API,,,https://sdmx.oecd.org/public/rest/v1/data/,https://sdmx.oecd.org/,none,HTTP_ERROR,400.0,403,text/plain,NEEDS_REVIEW,0.99,OECD SDMX endpoint가 400으로 응답; 유효한 dataflow/structure 쿼리로 재검증 필요,False,,2026-08-24T06:50:18.470Z
130,글로벌 정부·공공통계,WTO Data API,,,https://api.wto.org/,https://api.wto.org/,api_key,NOT_FOUND,404.0,1062,application/json,DEAD,0.99,404/410 또는 명백한 엔드포인트 없음,False,,2026-08-24T06:50:19.230Z
131,글로벌 정부·공공통계,UN Data API,,,https://data.un.org/,https://data.un.org/Handlers/DownloadHandler.ashx,none,LIVE,200.0,3308,text/html; charset=utf-8,API_PORTAL,0.92,HTTP 200이지만 API 문서/포털/데이터 진입점 HTML을 반환함,False,,2026-08-24T06:50:21.495Z
132,글로벌 정부·공공통계,Eurostat API,,,https://ec.europa.eu/eurostat/api/dissemination/statistics/1.0/data/eurostat/nama_10_gdp?geo=DE,https://ec.europa.eu/eurostat/web/main/data/web-services,none,NOT_FOUND,404.0,1130,text/html; charset=UTF-8,DEAD,0.99,404/410 또는 명백한 엔드포인트 없음,False,,2026-08-24T06:50:19.600Z
133,글로벌 정부·공공통계,UK Parliament API,,,https://bills-api.parliament.uk/api/v1/Bills,https://bills-api.parliament.uk/index.html,none,TIMEOUT,,8001,,NEEDS_REVIEW,0.97,일시적 오류/타임아웃/레이트리밋/서버오류라 재검증 필요,False,This operation was aborted,2026-08-24T06:50:26.955Z
134,글로벌 정부·공공통계,FRED API,,,https://api.stlouisfed.org/fred/series?series_id=GNPCA&file_type=json&api_key=YOUR_KEY,https://fred.stlouisfed.org/docs/api/fred/,api_key,HTTP_ERROR,400.0,601,application/json; charset=UTF-8,NEEDS_REVIEW,0.93,구조화 응답이지만 테스트 요청 오류로 실제 데이터 검증이 불완전함,False,,2026-08-24T06:50:19.617Z
135,글로벌 정부·공공통계,OpenSanctions,,,https://api.opensanctions.org/search/default,https://docs.opensanctions.org/api/,api_key,AUTH_REQUIRED,401.0,389,application/json,AUTH_REQUIRED,0.99,인증/로그인/키/토큰이 필요하거나 인증 실패 응답,True,,2026-08-24T06:50:19.584Z
136,글로벌 정부·공공통계,OpenSecrets,,,https://api.opensecrets.org/?method=candSummary&cid=N00007360&cycle=2024&apikey=YOUR_KEY&output=json,https://www.opensecrets.org/api/admin/index.php,api_key,TIMEOUT,,8002,,NEEDS_REVIEW,0.97,일시적 오류/타임아웃/레이트리밋/서버오류라 재검증 필요,False,This operation was aborted,2026-08-24T06:50:27.232Z
137,글로벌 정부·공공통계,Library of Congress,,,https://www.loc.gov/books/?q=apples&fo=json&at=search,https://www.loc.gov/apis/,none,LIVE,200.0,2156,application/json,REAL_API,0.96,구조화된 실제 API 응답(JSON/XML/Atom/RSS/이미지 등) 확인,True,,2026-08-24T06:50:21.450Z
138,글로벌 정부·공공통계,Smithsonian Open Access,,,https://api.si.edu/openaccess/api/v1.0/search?q=apollo&api_key=YOUR_KEY,https://www.si.edu/openaccess/devtools,api_key,FORBIDDEN,403.0,886,application/json,AUTH_REQUIRED,0.99,인증/로그인/키/토큰이 필요하거나 인증 실패 응답,True,,2026-08-24T06:50:20.203Z
139,글로벌 정부·공공통계,Europeana API,,,https://api.europeana.eu/record/v2/search.json?wskey=YOUR_KEY&query=apollo,https://pro.europeana.eu/page/search-api,api_key,AUTH_REQUIRED,401.0,416,application/json;charset=UTF-8,AUTH_REQUIRED,0.99,인증/로그인/키/토큰이 필요하거나 인증 실패 응답,True,,2026-08-24T06:50:20.000Z
140,글로벌 정부·공공통계,Internet Archive Metadata,,,https://archive.org/advancedsearch.php?q=mediatype%3Atexts&fl%5B%5D=identifier&rows=1&page=1&output=json,https://archive.org/developers/apis,none,LIVE,200.0,926,application/json,REAL_API,0.96,구조화된 실제 API 응답(JSON/XML/Atom/RSS/이미지 등) 확인,True,,2026-08-24T06:50:20.526Z
141,금융·암호화폐·커머스,CoinGecko API,,,https://api.coingecko.com/api/v3/ping,https://docs.coingecko.com/reference/introduction,none/demo,LIVE,200.0,291,application/json; charset=utf-8,REAL_API,0.96,구조화된 실제 API 응답(JSON/XML/Atom/RSS/이미지 등) 확인,True,,2026-08-24T06:50:19.908Z
142,금융·암호화폐·커머스,CoinCap / CryptoCompare,,,https://api.coincap.io/v2/assets/bitcoin,https://docs.coincap.io/,none,NETWORK_ERROR,,46,,NEEDS_REVIEW,0.97,일시적 오류/타임아웃/레이트리밋/서버오류라 재검증 필요,False,fetch failed,2026-08-24T06:50:19.954Z
143,금융·암호화폐·커머스,Binance Public API,,,https://api.binance.com/api/v3/ticker/price?symbol=BTCUSDT,https://developers.binance.com/docs/binance-spot-api-docs/rest-api,none,LIVE,200.0,77,application/json;charset=UTF-8,REAL_API,0.96,구조화된 실제 API 응답(JSON/XML/Atom/RSS/이미지 등) 확인,True,,2026-08-24T06:50:20.031Z
144,금융·암호화폐·커머스,Coinbase / Kraken,,,https://api.coinbase.com/v2/exchange-rates?currency=BTC,https://docs.cdp.coinbase.com/,none,LIVE,200.0,256,application/json,REAL_API,0.96,구조화된 실제 API 응답(JSON/XML/Atom/RSS/이미지 등) 확인,True,,2026-08-24T06:50:20.257Z
145,금융·암호화폐·커머스,Upbit Open API,,,https://api.upbit.com/v1/ticker?markets=KRW-BTC,https://docs.upbit.com/,none,LIVE,200.0,43,application/json;charset=UTF-8,REAL_API,0.96,구조화된 실제 API 응답(JSON/XML/Atom/RSS/이미지 등) 확인,True,,2026-08-24T06:50:20.074Z
146,금융·암호화폐·커머스,Blockchain.info,,,https://blockchain.info/ticker,https://www.blockchain.com/explorer/api/blockchain_api,none,LIVE,200.0,42,application/json; charset=utf-8,REAL_API,0.96,구조화된 실제 API 응답(JSON/XML/Atom/RSS/이미지 등) 확인,True,,2026-08-24T06:50:20.116Z
147,금융·암호화폐·커머스,Etherscan API,,,https://api.etherscan.io/api?module=stats&action=ethsupply,https://docs.etherscan.io/,api_key,LIVE,200.0,992,application/json; charset=utf-8,REAL_API,0.96,구조화된 실제 API 응답(JSON/XML/Atom/RSS/이미지 등) 확인,True,,2026-08-24T06:50:21.108Z
148,금융·암호화폐·커머스,DefiLlama API,,,https://api.llama.fi/protocols,https://defillama.com/docs/api,none,LIVE,200.0,369,application/json,REAL_API,0.96,구조화된 실제 API 응답(JSON/XML/Atom/RSS/이미지 등) 확인,True,,2026-08-24T06:50:20.872Z
149,금융·암호화폐·커머스,Mempool.space,,,https://mempool.space/api/v1/fees/recommended,https://mempool.space/docs/api/rest,none,LIVE,200.0,141,application/json; charset=utf-8,REAL_API,0.96,구조화된 실제 API 응답(JSON/XML/Atom/RSS/이미지 등) 확인,True,,2026-08-24T06:50:20.398Z
150,금융·암호화폐·커머스,Alpha Vantage,,,https://www.alphavantage.co/query?function=GLOBAL_QUOTE&symbol=IBM&apikey=demo,https://www.alphavantage.co/documentation/,api_key,LIVE,200.0,480,application/json,REAL_API,0.96,구조화된 실제 API 응답(JSON/XML/Atom/RSS/이미지 등) 확인,True,,2026-08-24T06:50:20.878Z
151,금융·암호화폐·커머스,Finnhub Stock API,,,https://finnhub.io/api/v1/quote?symbol=AAPL&token=YOUR_TOKEN,https://finnhub.io/docs/api,api_key,AUTH_REQUIRED,401.0,755,application/json; charset=utf-8,AUTH_REQUIRED,0.99,인증/로그인/키/토큰이 필요하거나 인증 실패 응답,True,,2026-08-24T06:50:21.282Z
152,금융·암호화폐·커머스,Twelve Data,,,https://api.twelvedata.com/price?symbol=AAPL&apikey=demo,https://twelvedata.com/docs,api_key,LIVE,200.0,398,application/json; charset=utf-8,REAL_API,0.96,구조화된 실제 API 응답(JSON/XML/Atom/RSS/이미지 등) 확인,True,,2026-08-24T06:50:21.270Z
153,금융·암호화폐·커머스,Polygon.io,,,https://api.polygon.io/v2/last/trade/AAPL?apiKey=YOUR_KEY,https://polygon.io/docs/rest/stocks,api_key,AUTH_REQUIRED,401.0,622,application/json,AUTH_REQUIRED,0.99,인증/로그인/키/토큰이 필요하거나 인증 실패 응답,True,,2026-08-24T06:50:21.500Z
154,금융·암호화폐·커머스,Nasdaq Data Link,,,https://data.nasdaq.com/api/v3/datasets/WIKI/FB.json?api_key=YOUR_KEY,https://docs.data.nasdaq.com/,api_key,FORBIDDEN,403.0,408,text/html,AUTH_REQUIRED,0.99,인증/로그인/키/토큰이 필요하거나 인증 실패 응답,True,,2026-08-24T06:50:21.516Z
155,금융·암호화폐·커머스,Frankfurter API,,,https://api.frankfurter.app/latest?from=USD&to=EUR,https://www.frankfurter.app/docs/,none,LIVE,200.0,301,application/json; charset=utf-8,REAL_API,0.96,구조화된 실제 API 응답(JSON/XML/Atom/RSS/이미지 등) 확인,True,,2026-08-24T06:50:21.571Z
156,금융·암호화폐·커머스,ECB Data API,,,https://data-api.ecb.europa.eu/service/data/EXR/D.USD.EUR.SP00.A,https://data.ecb.europa.eu/help/api/overview,none,LIVE,200.0,3505,application/vnd.sdmx.genericdata+xml;version=2.1,REAL_API,0.99,ECB SDMX API가 실제 XML 데이터 응답을 반환함,True,,2026-08-24T06:50:24.788Z
157,금융·암호화폐·커머스,ExchangeRate-API / Fixer,,,https://v6.exchangerate-api.com/v6/YOUR_KEY/latest/USD,https://www.exchangerate-api.com/docs/overview,api_key,NOT_FOUND,404.0,279,text/html,DEAD,0.99,404/410 또는 명백한 엔드포인트 없음,False,,2026-08-24T06:50:21.729Z
158,금융·암호화폐·커머스,Open Exchange Rates,,,https://openexchangerates.org/api/latest.json?app_id=YOUR_APP_ID,https://docs.openexchangerates.org/,api_key,AUTH_REQUIRED,401.0,830,application/json; charset=utf-8,AUTH_REQUIRED,0.99,인증/로그인/키/토큰이 필요하거나 인증 실패 응답,True,,2026-08-24T06:50:22.325Z
159,금융·암호화폐·커머스,exchangerate.host,,,https://api.exchangerate.host/live?access_key=YOUR_KEY&source=USD&currencies=EUR,https://exchangerate.host/,api_key,LIVE,200.0,706,application/json; Charset=UTF-8,REAL_API,0.96,구조화된 실제 API 응답(JSON/XML/Atom/RSS/이미지 등) 확인,True,,2026-08-24T06:50:22.206Z
160,금융·암호화폐·커머스,CoinPaprika API,,,https://api.coinpaprika.com/v1/tickers/btc-bitcoin,https://api.coinpaprika.com/,none,LIVE,200.0,243,application/json; charset=UTF-8,REAL_API,0.96,구조화된 실제 API 응답(JSON/XML/Atom/RSS/이미지 등) 확인,True,,2026-08-24T06:50:21.759Z
161,금융·암호화폐·커머스,Open Prices API,,,https://openprices.food/,https://prices.openfoodfacts.org/,none,NETWORK_ERROR,,53,,NEEDS_REVIEW,0.97,일시적 오류/타임아웃/레이트리밋/서버오류라 재검증 필요,False,fetch failed,2026-08-24T06:50:21.624Z
162,금융·암호화폐·커머스,Open Products Facts,,,https://world.openfoodfacts.org/api/v2/product/737628064502.json,https://openfoodfacts.github.io/openfoodfacts-server/api/,none,LIVE,200.0,1352,application/json; charset=utf-8,REAL_API,0.96,구조화된 실제 API 응답(JSON/XML/Atom/RSS/이미지 등) 확인,True,,2026-08-24T06:50:22.978Z
163,금융·암호화폐·커머스,TheMealDB / CocktailDB,,,https://www.themealdb.com/api/json/v1/1/search.php?s=Arrabiata,https://www.themealdb.com/api.php,none/demo,LIVE,200.0,716,application/json,REAL_API,0.96,구조화된 실제 API 응답(JSON/XML/Atom/RSS/이미지 등) 확인,True,,2026-08-24T06:50:22.445Z
164,금융·암호화폐·커머스,Spoonacular API,,,https://api.spoonacular.com/recipes/complexSearch?apiKey=YOUR_KEY&number=1,https://spoonacular.com/food-api/docs,api_key,AUTH_REQUIRED,401.0,1100,application/json,AUTH_REQUIRED,0.99,인증/로그인/키/토큰이 필요하거나 인증 실패 응답,True,,2026-08-24T06:50:22.859Z
165,금융·암호화폐·커머스,Edamam Nutrition API,,,https://api.edamam.com/api/recipes/v2?type=public&q=chicken&app_id=YOUR_APP_ID&app_key=YOUR_APP_KEY,https://developer.edamam.com/edamam-docs-recipe-api,api_key,AUTH_REQUIRED,401.0,723,application/json;charset=UTF-8,AUTH_REQUIRED,0.99,인증/로그인/키/토큰이 필요하거나 인증 실패 응답,True,,2026-08-24T06:50:22.929Z
166,음악·미디어·예술,Radio Browser,,,https://www.radio-browser.info/,https://api.radio-browser.info/,none,LIVE,200.0,309,text/html; charset=UTF-8,API_PORTAL,0.92,HTTP 200이지만 API 문서/포털/데이터 진입점 HTML을 반환함,False,,2026-08-24T06:50:22.634Z
167,음악·미디어·예술,Freesound API,,,https://freesound.org/apiv2/search/text/?query=rain&token=YOUR_TOKEN,https://freesound.org/docs/api/,token,AUTH_REQUIRED,401.0,920,application/json,AUTH_REQUIRED,0.99,인증/로그인/키/토큰이 필요하거나 인증 실패 응답,True,,2026-08-24T06:50:23.365Z
168,음악·미디어·예술,Discogs API,,,https://api.discogs.com/database/search?q=radiohead&key=YOUR_KEY&secret=YOUR_SECRET,https://www.discogs.com/developers/,api_key,AUTH_REQUIRED,401.0,492,application/json,AUTH_REQUIRED,0.99,인증/로그인/키/토큰이 필요하거나 인증 실패 응답,True,,2026-08-24T06:50:23.126Z
169,음악·미디어·예술,MusicBrainz API,,,https://musicbrainz.org/ws/2/artist/?query=artist:radiohead&fmt=json,https://musicbrainz.org/doc/MusicBrainz_API,none,TIMEOUT,,8002,,NEEDS_REVIEW,0.97,일시적 오류/타임아웃/레이트리밋/서버오류라 재검증 필요,False,This operation was aborted,2026-08-24T06:50:30.861Z
170,음악·미디어·예술,ListenBrainz / Last.fm,,,https://api.listenbrainz.org/1/user/testtoken/listens?count=1,https://listenbrainz.readthedocs.io/en/latest/users/api/,token/none,TIMEOUT,,8000,,NEEDS_REVIEW,0.97,일시적 오류/타임아웃/레이트리밋/서버오류라 재검증 필요,False,This operation was aborted,2026-08-24T06:50:30.929Z
171,음악·미디어·예술,Spotify Web API,,,https://api.spotify.com/v1/browse/new-releases?limit=1,https://developer.spotify.com/documentation/web-api,oauth,AUTH_REQUIRED,401.0,82,application/json,AUTH_REQUIRED,0.99,인증/로그인/키/토큰이 필요하거나 인증 실패 응답,True,,2026-08-24T06:50:23.060Z
172,음악·미디어·예술,Deezer / iTunes Search,,,https://api.deezer.com/search?q=radiohead&limit=1,https://developers.deezer.com/api,none,LIVE,200.0,352,application/json; charset=utf-8,REAL_API,0.96,구조화된 실제 API 응답(JSON/XML/Atom/RSS/이미지 등) 확인,True,,2026-08-24T06:50:23.412Z
173,음악·미디어·예술,Genius API,,,https://api.genius.com/search?q=hello,https://docs.genius.com/,oauth,AUTH_REQUIRED,401.0,852,application/json; charset=utf-8,AUTH_REQUIRED,0.99,인증/로그인/키/토큰이 필요하거나 인증 실패 응답,True,,2026-08-24T06:50:23.978Z
174,음악·미디어·예술,Pexels / Unsplash,,,https://api.pexels.com/v1/search?query=nature&per_page=1,https://www.pexels.com/api/documentation/,api_key,LIVE,200.0,57,application/json; charset=utf-8,REAL_API,0.96,구조화된 실제 API 응답(JSON/XML/Atom/RSS/이미지 등) 확인,True,,2026-08-24T06:50:23.423Z
175,음악·미디어·예술,TMDB API,,,https://api.themoviedb.org/3/movie/popular?api_key=YOUR_KEY,https://developer.themoviedb.org/docs,api_key,AUTH_REQUIRED,401.0,559,application/json; charset=utf-8,AUTH_REQUIRED,0.99,인증/로그인/키/토큰이 필요하거나 인증 실패 응답,True,,2026-08-24T06:50:23.971Z
176,음악·미디어·예술,OMDb API,,,https://www.omdbapi.com/?apikey=YOUR_KEY&s=Batman,https://www.omdbapi.com/,api_key,AUTH_REQUIRED,401.0,345,application/json; charset=utf-8,AUTH_REQUIRED,0.99,인증/로그인/키/토큰이 필요하거나 인증 실패 응답,True,,2026-08-24T06:50:23.768Z
177,음악·미디어·예술,TVMaze API,,,https://api.tvmaze.com/shows/1,https://www.tvmaze.com/api,none,LIVE,200.0,671,application/json; charset=UTF-8,REAL_API,0.96,구조화된 실제 API 응답(JSON/XML/Atom/RSS/이미지 등) 확인,True,,2026-08-24T06:50:24.439Z
178,음악·미디어·예술,Jikan API / AniList,,,https://api.jikan.moe/v4/anime?q=naruto&limit=1,https://docs.api.jikan.moe/,none,SERVER_ERROR,504.0,906,application/json,NEEDS_REVIEW,0.97,일시적 오류/타임아웃/레이트리밋/서버오류라 재검증 필요,False,,2026-08-24T06:50:24.877Z
179,음악·미디어·예술,MangaDex API,,,https://api.mangadex.org/manga?limit=1,https://api.mangadex.org/docs/,none,LIVE,200.0,436,application/json,REAL_API,0.96,구조화된 실제 API 응답(JSON/XML/Atom/RSS/이미지 등) 확인,True,,2026-08-24T06:50:24.416Z
180,음악·미디어·예술,Open Library Books,,,https://openlibrary.org/search.json?q=harry+potter&limit=1,https://openlibrary.org/developers/api,none,LIVE,200.0,952,application/json,REAL_API,0.96,구조화된 실제 API 응답(JSON/XML/Atom/RSS/이미지 등) 확인,True,,2026-08-24T06:50:25.368Z
181,음악·미디어·예술,Google Books API,,,https://www.googleapis.com/books/v1/volumes?q=harry+potter&maxResults=1,https://developers.google.com/books/docs/v1/using,none/api_key,RATE_LIMITED,429.0,320,application/json; charset=UTF-8,NEEDS_REVIEW,0.97,일시적 오류/타임아웃/레이트리밋/서버오류라 재검증 필요,False,,2026-08-24T06:50:24.759Z
182,음악·미디어·예술,Project Gutenberg,,,https://gutendex.com/books/?search=pride,https://gutendex.com/,none,TIMEOUT,,8002,,NEEDS_REVIEW,0.97,일시적 오류/타임아웃/레이트리밋/서버오류라 재검증 필요,False,This operation was aborted,2026-08-24T06:50:32.761Z
183,음악·미디어·예술,Metropolitan Museum (Met),,,https://collectionapi.metmuseum.org/public/collection/v1/search?q=apollo&hasImages=true,https://metmuseum.github.io/,none,LIVE,200.0,877,application/json,REAL_API,0.96,구조화된 실제 API 응답(JSON/XML/Atom/RSS/이미지 등) 확인,True,,2026-08-24T06:50:25.665Z
184,음악·미디어·예술,Art Institute of Chicago,,,https://api.artic.edu/api/v1/artworks/search?q=Monet&limit=1,https://api.artic.edu/docs/,none,LIVE,200.0,1027,application/json,REAL_API,0.96,구조화된 실제 API 응답(JSON/XML/Atom/RSS/이미지 등) 확인,True,,2026-08-24T06:50:25.905Z
185,음악·미디어·예술,Rijksmuseum API,,,https://www.rijksmuseum.nl/api/en/collection?key=YOUR_KEY&format=json&ps=1&q=Rembrandt,https://data.rijksmuseum.nl/object-metadata/api/,api_key,NOT_FOUND,410.0,1209,,DEAD,0.99,404/410 또는 명백한 엔드포인트 없음,False,,2026-08-24T06:50:26.577Z
186,음악·미디어·예술,Harvard Art Museums,,,https://api.harvardartmuseums.org/object?apikey=YOUR_KEY&size=1,https://harvardartmuseums.org/collections/api,api_key,AUTH_REQUIRED,401.0,787,text/plain; charset=utf-8,AUTH_REQUIRED,0.99,인증/로그인/키/토큰이 필요하거나 인증 실패 응답,True,,2026-08-24T06:50:26.453Z
187,음악·미디어·예술,PokéAPI,,,https://pokeapi.co/api/v2/pokemon/pikachu,https://pokeapi.co/docs/v2,none,LIVE,200.0,164,application/json; charset=utf-8,REAL_API,0.96,구조화된 실제 API 응답(JSON/XML/Atom/RSS/이미지 등) 확인,True,,2026-08-24T06:50:26.074Z
188,음악·미디어·예술,RAWG Video Games,,,https://api.rawg.io/api/games?key=YOUR_KEY&page_size=1,https://rawg.io/apidocs,api_key,AUTH_REQUIRED,401.0,1408,application/json,AUTH_REQUIRED,0.99,인증/로그인/키/토큰이 필요하거나 인증 실패 응답,True,,2026-08-24T06:50:27.482Z
189,음악·미디어·예술,Steam Web API,,,https://api.steampowered.com/ISteamApps/GetAppList/v2/,https://steamcommunity.com/dev,none,NOT_FOUND,404.0,299,text/html; charset=UTF-8,DEAD,0.99,404/410 또는 명백한 엔드포인트 없음,False,,2026-08-24T06:50:26.752Z
190,음악·미디어·예술,BoardGameGeek XML,,,https://boardgamegeek.com/wiki/page/XML_API2,https://boardgamegeek.com/wiki/page/BGG_XML_API2,none,FORBIDDEN,403.0,191,text/html; charset=UTF-8,AUTH_REQUIRED,0.99,인증/로그인/키/토큰이 필요하거나 인증 실패 응답,True,,2026-08-24T06:50:26.768Z
191,지식·언어·학술,Wikidata SPARQL,,,https://query.wikidata.org/sparql?query=SELECT%20%3Fitem%20WHERE%20%7B%20%3Fitem%20wdt%3AP31%20wd%3AQ146%20.%7D%20LIMIT%201&format=json,https://www.wikidata.org/wiki/Wikidata:SPARQL_query_service,none,LIVE,200.0,1073,application/sparql-results+json;charset=utf-8,REAL_API,0.99,Wikidata SPARQL endpoint가 구조화된 SPARQL JSON 응답을 반환함,True,,2026-08-24T06:50:27.825Z
192,지식·언어·학술,Wikipedia Action API,,,https://en.wikipedia.org/w/api.php?action=query&prop=info&titles=Seoul&format=json,https://www.mediawiki.org/wiki/API:Main_page,none,LIVE,200.0,597,application/json; charset=utf-8,REAL_API,0.96,구조화된 실제 API 응답(JSON/XML/Atom/RSS/이미지 등) 확인,True,,2026-08-24T06:50:27.365Z
193,지식·언어·학술,arXiv API,,,https://export.arxiv.org/api/query?search_query=all:quantum&max_results=1,https://info.arxiv.org/help/api/index.html,none,LIVE,200.0,515,application/atom+xml; charset=utf-8,REAL_API,0.96,구조화된 실제 API 응답(JSON/XML/Atom/RSS/이미지 등) 확인,True,,2026-08-24T06:50:27.470Z
194,지식·언어·학술,Semantic Scholar API,,,https://api.semanticscholar.org/graph/v1/paper/search?query=quantum&limit=1,https://api.semanticscholar.org/api-docs/graph,api_key/none,RATE_LIMITED,429.0,427,application/json,NEEDS_REVIEW,0.97,일시적 오류/타임아웃/레이트리밋/서버오류라 재검증 필요,False,,2026-08-24T06:50:27.659Z
195,지식·언어·학술,Crossref API,,,https://api.crossref.org/works?query=quantum&rows=1,https://api.crossref.org/swagger-ui/index.html,none,LIVE,200.0,799,application/json,REAL_API,0.96,구조화된 실제 API 응답(JSON/XML/Atom/RSS/이미지 등) 확인,True,,2026-08-24T06:50:28.165Z
196,지식·언어·학술,OpenAlex API,,,https://api.openalex.org/works?search=quantum&per-page=1,https://docs.openalex.org/api,none,LIVE,200.0,1035,application/json,REAL_API,0.96,구조화된 실제 API 응답(JSON/XML/Atom/RSS/이미지 등) 확인,True,,2026-08-24T06:50:28.507Z
197,지식·언어·학술,CORE API,,,https://api.core.ac.uk/v3/search/works?q=quantum&limit=1,https://core.ac.uk/services/api,api_key,LIVE,200.0,7029,application/json,REAL_API,0.96,구조화된 실제 API 응답(JSON/XML/Atom/RSS/이미지 등) 확인,True,,2026-08-24T06:50:34.511Z
198,지식·언어·학술,ORCID API,,,https://pub.orcid.org/v3.0/search/?q=family-name:Einstein,https://info.orcid.org/documentation/integration-guide/,accept,LIVE,200.0,332,application/json;charset=UTF-8,REAL_API,0.96,구조화된 실제 API 응답(JSON/XML/Atom/RSS/이미지 등) 확인,True,,2026-08-24T06:50:27.991Z
199,지식·언어·학술,NIH PubMed API,,,https://eutils.ncbi.nlm.nih.gov/entrez/eutils/esearch.fcgi?db=pubmed&term=cancer&retmode=json&retmax=1,https://www.ncbi.nlm.nih.gov/books/NBK25501/,none/api_key,LIVE,200.0,439,application/json; charset=UTF-8,REAL_API,0.96,구조화된 실제 API 응답(JSON/XML/Atom/RSS/이미지 등) 확인,True,,2026-08-24T06:50:28.264Z
200,지식·언어·학술,Free Dictionary API,,,https://api.dictionaryapi.dev/api/v2/entries/en/hello,https://dictionaryapi.dev/,none,LIVE,200.0,212,application/json; charset=utf-8,REAL_API,0.96,구조화된 실제 API 응답(JSON/XML/Atom/RSS/이미지 등) 확인,True,,2026-08-24T06:50:28.203Z
201,지식·언어·학술,Datamuse API,,,https://api.datamuse.com/words?ml=tree&max=1,https://www.datamuse.com/api/,none,LIVE,200.0,1450,application/json,REAL_API,0.96,구조화된 실제 API 응답(JSON/XML/Atom/RSS/이미지 등) 확인,True,,2026-08-24T06:50:29.615Z
202,지식·언어·학술,Urban Dictionary API,,,https://api.urbandictionary.com/v0/define?term=api,https://www.urbandictionary.com/,none,LIVE,200.0,748,application/json,REAL_API,0.96,구조화된 실제 API 응답(JSON/XML/Atom/RSS/이미지 등) 확인,True,,2026-08-24T06:50:28.951Z
203,지식·언어·학술,Numbers API,,,https://numbersapi.com/42/math?json,http://numbersapi.com/,none,NETWORK_ERROR,,544,,NEEDS_REVIEW,0.97,일시적 오류/타임아웃/레이트리밋/서버오류라 재검증 필요,False,fetch failed,2026-08-24T06:50:28.808Z
204,지식·언어·학술,Wolfram Alpha API,,,https://api.wolframalpha.com/v2/query?input=pi&appid=YOUR_APPID&output=json,https://products.wolframalpha.com/api/,app_id,AUTH_REQUIRED,401.0,999,application/json; charset=utf-8,AUTH_REQUIRED,0.99,인증/로그인/키/토큰이 필요하거나 인증 실패 응답,True,,2026-08-24T06:50:29.506Z
205,지식·언어·학술,Periodic Table API,,,https://periodic-table.p.rapidapi.com/,https://github.com/Bowserinator/Periodic-Table-JSON,none,AUTH_REQUIRED,401.0,525,application/json,AUTH_REQUIRED,0.99,인증/로그인/키/토큰이 필요하거나 인증 실패 응답,True,,2026-08-24T06:50:29.333Z
206,지식·언어·학술,CERN Open Data,,,https://opendata.cern.ch/api/,https://opendata.cern.ch/docs/api,none,NOT_FOUND,404.0,1163,application/json,DEAD,0.99,404/410 또는 명백한 엔드포인트 없음,False,,2026-08-24T06:50:30.114Z
207,지식·언어·학술,Hacker News Firebase,,,https://hacker-news.firebaseio.com/v0/topstories.json,https://github.com/HackerNews/API,none,LIVE,200.0,373,application/json; charset=utf-8,REAL_API,0.96,구조화된 실제 API 응답(JSON/XML/Atom/RSS/이미지 등) 확인,True,,2026-08-24T06:50:29.706Z
208,지식·언어·학술,RSSHub,,,https://rsshub.app/,https://docs.rsshub.app/,none,FORBIDDEN,403.0,204,text/html; charset=UTF-8,AUTH_REQUIRED,0.99,인증/로그인/키/토큰이 필요하거나 인증 실패 응답,True,,2026-08-24T06:50:29.710Z
209,지식·언어·학술,NewsAPI / GNews,,,https://newsapi.org/v2/top-headlines?country=us&apiKey=YOUR_KEY,https://newsapi.org/docs,api_key,AUTH_REQUIRED,401.0,281,application/json; charset=utf-8,AUTH_REQUIRED,0.99,인증/로그인/키/토큰이 필요하거나 인증 실패 응답,True,,2026-08-24T06:50:29.896Z
210,지식·언어·학술,The Guardian API,,,https://content.guardianapis.com/search?api-key=test&q=climate,https://open-platform.theguardian.com/documentation/,api_key,LIVE,200.0,2030,application/json,REAL_API,0.96,구조화된 실제 API 응답(JSON/XML/Atom/RSS/이미지 등) 확인,True,,2026-08-24T06:50:31.736Z
211,지식·언어·학술,New York Times API,,,https://api.nytimes.com/svc/topstories/v2/home.json?api-key=YOUR_KEY,https://developer.nytimes.com/apis,api_key,AUTH_REQUIRED,401.0,255,application/json,AUTH_REQUIRED,0.99,인증/로그인/키/토큰이 필요하거나 인증 실패 응답,True,,2026-08-24T06:50:29.965Z
212,지식·언어·학술,OpenFDA API,,,https://api.fda.gov/drug/label.json?limit=1,https://open.fda.gov/apis/,none,LIVE,200.0,990,application/json; charset=utf-8,REAL_API,0.96,구조화된 실제 API 응답(JSON/XML/Atom/RSS/이미지 등) 확인,True,,2026-08-24T06:50:30.886Z
213,지식·언어·학술,RxNorm API,,,https://rxnav.nlm.nih.gov/REST/drugs.json?name=aspirin,https://lhncbc.nlm.nih.gov/RxNav/APIs/,none,LIVE,200.0,1070,application/json;charset=utf-8,REAL_API,0.96,구조화된 실제 API 응답(JSON/XML/Atom/RSS/이미지 등) 확인,True,,2026-08-24T06:50:31.036Z
214,지식·언어·학술,ClinicalTrials.gov,,,https://clinicaltrials.gov/data-api/api/v2/studies?pageSize=1,https://clinicaltrials.gov/data-api/about-api,none,LIVE,200.0,252,text/html,API_PORTAL,0.92,HTTP 200이지만 API 문서/포털/데이터 진입점 HTML을 반환함,False,,2026-08-24T06:50:30.366Z
215,지식·언어·학술,PubChem API,,,https://pubchem.ncbi.nlm.nih.gov/rest/pug/compound/name/aspirin/property/MolecularFormula/JSON,https://pubchem.ncbi.nlm.nih.gov/docs/pug-rest-tutorial,none,LIVE,200.0,638,application/json,REAL_API,0.96,구조화된 실제 API 응답(JSON/XML/Atom/RSS/이미지 등) 확인,True,,2026-08-24T06:50:31.004Z
216,AI·비전·NLP,Hugging Face Inference,,,https://api-inference.huggingface.co/models/,https://huggingface.co/docs/api-inference/,token,NETWORK_ERROR,,46,,NEEDS_REVIEW,0.97,일시적 오류/타임아웃/레이트리밋/서버오류라 재검증 필요,False,fetch failed,2026-08-24T06:50:30.907Z
217,AI·비전·NLP,Google Gemini API,,,https://generativelanguage.googleapis.com/v1beta/models?key=YOUR_API_KEY,https://ai.google.dev/gemini-api/docs,api_key,HTTP_ERROR,400.0,248,application/json; charset=UTF-8,NEEDS_REVIEW,0.93,구조화 응답이지만 테스트 요청 오류로 실제 데이터 검증이 불완전함,False,,2026-08-24T06:50:31.134Z
218,AI·비전·NLP,Groq API,,,https://api.groq.com/openai/v1/models,https://console.groq.com/docs/api-reference,api_key,AUTH_REQUIRED,401.0,170,application/json,AUTH_REQUIRED,0.99,인증/로그인/키/토큰이 필요하거나 인증 실패 응답,True,,2026-08-24T06:50:31.077Z
219,AI·비전·NLP,Roboflow Universe,,,https://api.roboflow.com/,https://docs.roboflow.com/deploy/hosted-api,api_key,LIVE,200.0,351,application/json; charset=utf-8,REAL_API,0.96,구조화된 실제 API 응답(JSON/XML/Atom/RSS/이미지 등) 확인,True,,2026-08-24T06:50:31.280Z
220,AI·비전·NLP,OCR.Space API,,,https://api.ocr.space/parse/imageurl?apikey=helloworld&url=https://ocr.space/ocrtessample.pdf,https://ocr.space/ocrapi,api_key,LIVE,200.0,887,application/json; charset=utf-8,REAL_API,0.96,구조화된 실제 API 응답(JSON/XML/Atom/RSS/이미지 등) 확인,True,,2026-08-24T06:50:31.891Z
221,AI·비전·NLP,DeepL API Free,,,https://api-free.deepl.com/v2/translate,https://developers.deepl.com/docs/api-reference/translate,api_key,FORBIDDEN,403.0,784,application/json; charset=utf-8,AUTH_REQUIRED,0.99,인증/로그인/키/토큰이 필요하거나 인증 실패 응답,True,,2026-08-24T06:50:31.820Z
222,AI·비전·NLP,LanguageTool API,,,https://api.languagetool.org/v2/check?text=This%20are%20bad&language=en-US,https://languagetool.org/http-api/,none,LIVE,200.0,891,application/json,REAL_API,0.96,구조화된 실제 API 응답(JSON/XML/Atom/RSS/이미지 등) 확인,True,,2026-08-24T06:50:31.968Z
223,AI·비전·NLP,LibreTranslate,,,https://libretranslate.com/translate,https://docs.libretranslate.com/,api_key/none,HTTP_ERROR,405.0,491,text/html; charset=utf-8,NEEDS_REVIEW,0.99,LibreTranslate는 GET이 아닌 POST 기반이라 현재 테스트 방법이 잘못됨,False,,2026-08-24T06:50:31.625Z
224,AI·비전·NLP,MyMemory Translation,,,https://api.mymemory.translated.net/get?q=Hello&langpair=en|ko,https://mymemory.translated.net/doc/spec.php,none,LIVE,200.0,1785,application/json,REAL_API,0.96,구조화된 실제 API 응답(JSON/XML/Atom/RSS/이미지 등) 확인,True,,2026-08-24T06:50:33.066Z
225,AI·비전·NLP,Clarifai API,,,https://api.clarifai.com/v2/models,https://docs.clarifai.com/api-guide/api-overview/,token,NETWORK_ERROR,,18,,NEEDS_REVIEW,0.97,일시적 오류/타임아웃/레이트리밋/서버오류라 재검증 필요,False,fetch failed,2026-08-24T06:50:31.643Z
226,AI·비전·NLP,Clarifai Moderation,,,https://api.clarifai.com/v2/models/moderation-recognition/outputs,https://docs.clarifai.com/,token,NETWORK_ERROR,,2,,NEEDS_REVIEW,0.97,일시적 오류/타임아웃/레이트리밋/서버오류라 재검증 필요,False,fetch failed,2026-08-24T06:50:31.645Z
227,AI·비전·NLP,AssemblyAI Speech,,,https://api.assemblyai.com/v2/transcript,https://www.assemblyai.com/docs/api-reference,api_key,AUTH_REQUIRED,401.0,539,application/json; charset=UTF-8,AUTH_REQUIRED,0.99,인증/로그인/키/토큰이 필요하거나 인증 실패 응답,True,,2026-08-24T06:50:32.184Z
228,AI·비전·NLP,VoiceRSS,,,https://api.voicerss.org/,https://www.voicerss.org/api/,api_key,LIVE,200.0,811,text/plain; charset=utf-8,AUTH_REQUIRED,0.99,인증/로그인/키/토큰이 필요하거나 인증 실패 응답,True,,2026-08-24T06:50:32.547Z
229,AI·비전·NLP,Wit.ai,,,https://api.wit.ai/message?v=20240801&q=hello,https://wit.ai/docs/http/20210927/,token,HTTP_ERROR,400.0,429,application/json,AUTH_REQUIRED,0.99,인증/로그인/키/토큰이 필요하거나 인증 실패 응답,True,,2026-08-24T06:50:32.249Z
230,AI·비전·NLP,Replicate API,,,https://api.replicate.com/v1/models,https://replicate.com/docs/reference/http,token,AUTH_REQUIRED,401.0,172,application/problem+json,AUTH_REQUIRED,0.99,인증/로그인/키/토큰이 필요하거나 인증 실패 응답,True,,2026-08-24T06:50:32.063Z
231,AI·비전·NLP,wger Workout Manager,,,https://wger.de/api/v2/exerciseinfo/?limit=1,https://wger.readthedocs.io/en/latest/api/api.html,none,LIVE,200.0,1006,application/json,REAL_API,0.96,구조화된 실제 API 응답(JSON/XML/Atom/RSS/이미지 등) 확인,True,,2026-08-24T06:50:32.974Z
232,AI·비전·NLP,Human Metabolome (HMDB),,,https://hmdb.ca/,https://hmdb.ca/,none,FORBIDDEN,403.0,237,text/html; charset=UTF-8,AUTH_REQUIRED,0.99,인증/로그인/키/토큰이 필요하거나 인증 실패 응답,True,,2026-08-24T06:50:32.300Z
233,AI·비전·NLP,Disease.sh,,,https://disease.sh/v3/covid-19/all,https://disease.sh/docs/,none,LIVE,200.0,1328,application/json; charset=utf-8,REAL_API,0.96,구조화된 실제 API 응답(JSON/XML/Atom/RSS/이미지 등) 확인,True,,2026-08-24T06:50:33.513Z
234,AI·비전·NLP,Open Brewery DB,,,https://api.openbrewerydb.org/v1/breweries?per_page=1,https://www.openbrewerydb.org/,none,LIVE,200.0,759,application/json,REAL_API,0.96,구조화된 실제 API 응답(JSON/XML/Atom/RSS/이미지 등) 확인,True,,2026-08-24T06:50:33.008Z
235,AI·비전·NLP,Open Food Facts API,,,https://world.openfoodfacts.org/api/v2/product/737628064502.json,https://openfoodfacts.github.io/openfoodfacts-server/api/,none,LIVE,200.0,860,application/json; charset=utf-8,REAL_API,0.96,구조화된 실제 API 응답(JSON/XML/Atom/RSS/이미지 등) 확인,True,,2026-08-24T06:50:33.161Z
236,보안·인프라·개발도구,Have I Been Pwned,,,https://haveibeenpwned.com/api/v3/breachedaccount/test@example.com,https://haveibeenpwned.com/API/v3,api_key,AUTH_REQUIRED,401.0,61,application/json,AUTH_REQUIRED,0.99,인증/로그인/키/토큰이 필요하거나 인증 실패 응답,True,,2026-08-24T06:50:32.608Z
237,보안·인프라·개발도구,VirusTotal Public,,,https://www.virustotal.com/api/v3/domains/example.com,https://docs.virustotal.com/reference/,api_key,AUTH_REQUIRED,401.0,297,application/json,AUTH_REQUIRED,0.99,인증/로그인/키/토큰이 필요하거나 인증 실패 응답,True,,2026-08-24T06:50:32.905Z
238,보안·인프라·개발도구,Shodan API,,,https://api.shodan.io/api-info?key=YOUR_KEY,https://developer.shodan.io/api,api_key,AUTH_REQUIRED,401.0,182,text/html; charset=UTF-8,AUTH_REQUIRED,0.99,인증/로그인/키/토큰이 필요하거나 인증 실패 응답,True,,2026-08-24T06:50:32.944Z
239,보안·인프라·개발도구,URLhaus API,,,https://urlhaus-api.abuse.ch/v1/urls/recent/,https://urlhaus.abuse.ch/api/,none,AUTH_REQUIRED,401.0,745,application/octet-stream,AUTH_REQUIRED,0.99,인증/로그인/키/토큰이 필요하거나 인증 실패 응답,True,,2026-08-24T06:50:33.650Z
240,보안·인프라·개발도구,Cloudflare Radar,,,https://api.cloudflare.com/client/v4/radar/annotations/outages,https://developers.cloudflare.com/api/,api_token,HTTP_ERROR,400.0,280,application/json,AUTH_REQUIRED,0.99,인증/로그인/키/토큰이 필요하거나 인증 실패 응답,True,,2026-08-24T06:50:33.224Z
241,보안·인프라·개발도구,GitHub REST API,,,https://api.github.com/repos/openai/openai-python,https://docs.github.com/en/rest,token optional,LIVE,200.0,287,application/json; charset=utf-8,REAL_API,0.96,구조화된 실제 API 응답(JSON/XML/Atom/RSS/이미지 등) 확인,True,,2026-08-24T06:50:33.261Z
242,보안·인프라·개발도구,GitLab / Bitbucket,,,https://gitlab.com/api/v4/projects?per_page=1,https://docs.gitlab.com/api/,token optional,LIVE,200.0,377,application/json,REAL_API,0.96,구조화된 실제 API 응답(JSON/XML/Atom/RSS/이미지 등) 확인,True,,2026-08-24T06:50:33.385Z
243,보안·인프라·개발도구,npm Registry API,,,https://registry.npmjs.org/react/latest,https://github.com/npm/registry/blob/latest/docs/REGISTRY-API.md,none,LIVE,200.0,207,application/json,REAL_API,0.96,구조화된 실제 API 응답(JSON/XML/Atom/RSS/이미지 등) 확인,True,,2026-08-24T06:50:33.273Z
244,보안·인프라·개발도구,PyPI JSON API,,,https://pypi.org/pypi/requests/json,https://warehouse.pypa.io/api-reference/json.html,none,LIVE,200.0,48,application/json,REAL_API,0.96,구조화된 실제 API 응답(JSON/XML/Atom/RSS/이미지 등) 확인,True,,2026-08-24T06:50:33.212Z
245,보안·인프라·개발도구,Packagist API,,,https://repo.packagist.org/p2/monolog/monolog.json,https://packagist.org/apidoc,none,LIVE,200.0,255,application/json,REAL_API,0.96,구조화된 실제 API 응답(JSON/XML/Atom/RSS/이미지 등) 확인,True,,2026-08-24T06:50:33.469Z
246,보안·인프라·개발도구,Docker Hub API,,,https://hub.docker.com/v2/repositories/library/nginx/tags?page_size=1,https://docs.docker.com/docker-hub/api/latest/,none/token,LIVE,200.0,285,application/json,REAL_API,0.96,구조화된 실제 API 응답(JSON/XML/Atom/RSS/이미지 등) 확인,True,,2026-08-24T06:50:33.510Z
247,보안·인프라·개발도구,Libraries.io API,,,https://libraries.io/api/search?q=react&platforms=NPM&api_key=YOUR_KEY,https://libraries.io/api,api_key,FORBIDDEN,403.0,342,text/plain,AUTH_REQUIRED,0.99,인증/로그인/키/토큰이 필요하거나 인증 실패 응답,True,,2026-08-24T06:50:33.603Z
248,보안·인프라·개발도구,Google DNS (DoH),,,https://dns.google/resolve?name=example.com&type=A,https://developers.google.com/speed/public-dns/docs/doh,none,LIVE,200.0,156,application/json; charset=UTF-8,REAL_API,0.96,구조화된 실제 API 응답(JSON/XML/Atom/RSS/이미지 등) 확인,True,,2026-08-24T06:50:33.430Z
249,보안·인프라·개발도구,Microlink API,,,https://api.microlink.io/?url=https://example.com,https://microlink.io/docs/api/getting-started/overview,none/freemium,LIVE,200.0,298,application/json; charset=utf-8,REAL_API,0.96,구조화된 실제 API 응답(JSON/XML/Atom/RSS/이미지 등) 확인,True,,2026-08-24T06:50:33.684Z
250,보안·인프라·개발도구,JSONPlaceholder,,,https://jsonplaceholder.typicode.com/posts/1,https://jsonplaceholder.typicode.com/,none,LIVE,200.0,142,application/json; charset=utf-8,REAL_API,0.96,구조화된 실제 API 응답(JSON/XML/Atom/RSS/이미지 등) 확인,True,,2026-08-24T06:50:33.573Z
251,보안·인프라·개발도구,DummyJSON / ReqRes,,,https://dummyjson.com/products/1,https://dummyjson.com/docs,none,LIVE,200.0,164,application/json; charset=utf-8,REAL_API,0.96,구조화된 실제 API 응답(JSON/XML/Atom/RSS/이미지 등) 확인,True,,2026-08-24T06:50:33.633Z
252,보안·인프라·개발도구,Mockaroo API,,,https://api.mockaroo.com/api/,https://www.mockaroo.com/docs,api_key,LIVE,200.0,1433,text/html; charset=utf-8,API_PORTAL,0.92,HTTP 200이지만 API 문서/포털/데이터 진입점 HTML을 반환함,False,,2026-08-24T06:50:34.943Z
253,보안·인프라·개발도구,Random User API,,,https://randomuser.me/api/?results=1,https://randomuser.me/,none,LIVE,200.0,444,application/json; charset=utf-8,REAL_API,0.96,구조화된 실제 API 응답(JSON/XML/Atom/RSS/이미지 등) 확인,True,,2026-08-24T06:50:33.957Z
254,보안·인프라·개발도구,UUID API,,,https://httpbin.org/uuid,https://httpbin.org/,none,LIVE,200.0,2406,application/json,REAL_API,0.96,구조화된 실제 API 응답(JSON/XML/Atom/RSS/이미지 등) 확인,True,,2026-08-24T06:50:35.979Z
255,보안·인프라·개발도구,QR Code Generator,,,https://api.qrserver.com/v1/create-qr-code/?size=150x150&data=hello,https://goqr.me/api/,none,LIVE,200.0,1221,image/png,REAL_API,0.96,구조화된 실제 API 응답(JSON/XML/Atom/RSS/이미지 등) 확인,True,,2026-08-24T06:50:34.824Z
256,보안·인프라·개발도구,ipify,,,https://api.ipify.org?format=json,https://www.ipify.org/,none,LIVE,200.0,320,application/json,REAL_API,0.96,구조화된 실제 API 응답(JSON/XML/Atom/RSS/이미지 등) 확인,True,,2026-08-24T06:50:33.953Z
257,보안·인프라·개발도구,Api2Pdf / html2pdf,,,https://v2.api2pdf.com/html,https://www.api2pdf.com/documentation/,api_key,NOT_FOUND,404.0,404,text/html,DEAD,0.99,404/410 또는 명백한 엔드포인트 없음,False,,2026-08-24T06:50:34.054Z
258,보안·인프라·개발도구,UptimeRobot API,,,https://api.uptimerobot.com/v2/getMonitors,https://uptimerobot.com/api/,api_key,LIVE,200.0,869,text/html; charset=utf-8,NEEDS_REVIEW,0.99,UptimeRobot API endpoint에 GET을 사용해 메서드 오류가 반환됨; POST 테스트 필요,False,,2026-08-24T06:50:34.553Z
259,보안·인프라·개발도구,Shields.io,,,https://img.shields.io/github/stars/openai/openai-python.json,https://shields.io/,none,LIVE,200.0,598,application/json,REAL_API,0.96,구조화된 실제 API 응답(JSON/XML/Atom/RSS/이미지 등) 확인,True,,2026-08-24T06:50:34.551Z
260,보안·인프라·개발도구,Lorem Picsum,,,https://picsum.photos/200,https://picsum.photos/,none,LIVE,200.0,468,image/jpeg,REAL_API,0.96,구조화된 실제 API 응답(JSON/XML/Atom/RSS/이미지 등) 확인,True,,2026-08-24T06:50:34.425Z
261,보안·인프라·개발도구,Quotable / Advice Slip,,,https://api.quotable.io/random,https://github.com/lukePeavey/quotable,none,NETWORK_ERROR,,471,,NEEDS_REVIEW,0.97,일시적 오류/타임아웃/레이트리밋/서버오류라 재검증 필요,False,fetch failed,2026-08-24T06:50:34.525Z
262,보안·인프라·개발도구,JokeAPI,,,https://v2.jokeapi.dev/joke/Any?type=single,https://jokeapi.dev/,none,LIVE,200.0,411,application/json; charset=UTF-8,REAL_API,0.96,구조화된 실제 API 응답(JSON/XML/Atom/RSS/이미지 등) 확인,True,,2026-08-24T06:50:34.836Z
263,보안·인프라·개발도구,Open Trivia DB,,,https://opentdb.com/api.php?amount=1,https://opentdb.com/api_config.php,none,LIVE,200.0,873,application/json,REAL_API,0.96,구조화된 실제 API 응답(JSON/XML/Atom/RSS/이미지 등) 확인,True,,2026-08-24T06:50:35.384Z
264,보안·인프라·개발도구,Dog CEO / TheCatAPI,,,https://dog.ceo/api/breeds/image/random,https://dog.ceo/dog-api/,none,LIVE,200.0,595,application/json,REAL_API,0.96,구조화된 실제 API 응답(JSON/XML/Atom/RSS/이미지 등) 확인,True,,2026-08-24T06:50:35.120Z
265,보안·인프라·개발도구,Cataas,,,https://cataas.com/cat?json=true,https://cataas.com/,none,LIVE,200.0,1033,application/json; charset=utf-8,REAL_API,0.96,구조화된 실제 API 응답(JSON/XML/Atom/RSS/이미지 등) 확인,True,,2026-08-24T06:50:35.584Z
266,보안·인프라·개발도구,RandomFox / Duck,,,https://randomfox.ca/floof/,https://randomfox.ca/,none,LIVE,200.0,1012,application/json,REAL_API,0.96,구조화된 실제 API 응답(JSON/XML/Atom/RSS/이미지 등) 확인,True,,2026-08-24T06:50:35.565Z
267,보안·인프라·개발도구,SWAPI (Star Wars),,,https://swapi.py4e.com/api/people/1/,https://swapi.dev/documentation,none,LIVE,200.0,705,application/json,REAL_API,0.96,구조화된 실제 API 응답(JSON/XML/Atom/RSS/이미지 등) 확인,True,,2026-08-24T06:50:35.529Z
268,보안·인프라·개발도구,Rick and Morty API,,,https://rickandmortyapi.com/api/character/1,https://rickandmortyapi.com/documentation,none,LIVE,200.0,214,application/json; charset=utf-8,REAL_API,0.96,구조화된 실제 API 응답(JSON/XML/Atom/RSS/이미지 등) 확인,True,,2026-08-24T06:50:35.050Z
269,보안·인프라·개발도구,D&D 5e API,,,https://www.dnd5eapi.co/api/2014/2014/monsters/aboleth,https://5e-bits.github.io/docs/api/,none,NOT_FOUND,404.0,639,text/plain; charset=utf-8,DEAD,0.99,404/410 또는 명백한 엔드포인트 없음,False,,2026-08-24T06:50:35.582Z
270,보안·인프라·개발도구,Scryfall API,,,https://api.scryfall.com/cards/named?exact=Opt,https://scryfall.com/docs/api,none,LIVE,200.0,841,application/json; charset=utf-8,REAL_API,0.96,구조화된 실제 API 응답(JSON/XML/Atom/RSS/이미지 등) 확인,True,,2026-08-24T06:50:35.891Z
271,게임·체스·이색,Riot Games API,,,https://developer.riotgames.com/api-methods/,https://developer.riotgames.com/,api_key,LIVE,200.0,2130,text/html; charset=utf-8,API_PORTAL,0.92,HTTP 200이지만 API 문서/포털/데이터 진입점 HTML을 반환함,False,,2026-08-24T06:50:37.250Z
272,게임·체스·이색,Chess.com Public API,,,https://api.chess.com/pub/player/hikaru/stats,https://www.chess.com/news/view/published-data-api,none,LIVE,200.0,368,application/json; charset=utf-8,REAL_API,0.96,구조화된 실제 API 응답(JSON/XML/Atom/RSS/이미지 등) 확인,True,,2026-08-24T06:50:35.753Z
273,게임·체스·이색,Lichess API,,,https://lichess.org/api/player/status?ids=lichess,https://lichess.org/api,none/token,NOT_FOUND,404.0,764,text/html; charset=utf-8,DEAD,0.99,404/410 또는 명백한 엔드포인트 없음,False,,2026-08-24T06:50:36.293Z
274,게임·체스·이색,Battle.net API,,,https://develop.battle.net/documentation/world-of-warcraft/api-reference,https://develop.battle.net/documentation,oauth,LIVE,200.0,1416,application/json,REAL_API,0.96,구조화된 실제 API 응답(JSON/XML/Atom/RSS/이미지 등) 확인,True,,2026-08-24T06:50:36.981Z
275,게임·체스·이색,Clash of Clans API,,,https://developer.clashofclans.com/api-docs/index.html,https://developer.clashofclans.com/,token,LIVE,200.0,461,text/html; charset=UTF-8,API_PORTAL,0.92,HTTP 200이지만 API 문서/포털/데이터 진입점 HTML을 반환함,False,,2026-08-24T06:50:36.043Z
276,게임·체스·이색,Hypixel API,,,https://api.hypixel.net/v2/player?uuid=YOUR_UUID&key=YOUR_KEY,https://api.hypixel.net/,api_key,FORBIDDEN,403.0,251,application/json; charset=utf-8,AUTH_REQUIRED,0.99,인증/로그인/키/토큰이 필요하거나 인증 실패 응답,True,,2026-08-24T06:50:35.835Z
277,게임·체스·이색,Eve Online ESI,,,https://esi.evetech.net/latest/status/,https://esi.evetech.net/ui/,none,LIVE,200.0,1401,application/json,REAL_API,0.96,구조화된 실제 API 응답(JSON/XML/Atom/RSS/이미지 등) 확인,True,,2026-08-24T06:50:37.154Z
278,게임·체스·이색,Tarkov.dev API,,,https://api.tarkov.dev/graphql,https://tarkov.dev/api/,none,HTTP_ERROR,400.0,182,text/plain,NEEDS_REVIEW,0.99,Tarkov.dev GraphQL endpoint가 400; GraphQL POST/query로 재검증 필요,False,,2026-08-24T06:50:36.017Z
279,게임·체스·이색,GW2 API (Guild Wars 2),,,https://api.guildwars2.com/v2/,https://wiki.guildwars2.com/wiki/API:Main,none,LIVE,200.0,1657,text/plain; charset=utf-8,API_PORTAL,0.9,API 루트/사용법 안내를 반환하는 진입점,False,,2026-08-24T06:50:37.548Z
280,게임·체스·이색,OSRS Wiki API,,,https://prices.runescape.wiki/api/v1/osrs/latest,https://oldschool.runescape.wiki/w/RuneScape:Real-time_Prices,none,LIVE,200.0,208,application/json; charset=utf-8,REAL_API,0.96,구조화된 실제 API 응답(JSON/XML/Atom/RSS/이미지 등) 확인,True,,2026-08-24T06:50:36.205Z
281,게임·체스·이색,Bored API (v2),,,https://bored-api.appbrewery.com/random,https://bored-api.appbrewery.com/,none,LIVE,200.0,651,application/json; charset=utf-8,WEB_PAGE,0.85,API/서비스 홈페이지로 분류 필요,False,,2026-08-24T06:50:36.668Z
282,게임·체스·이색,Deck of Cards API,,,https://deckofcardsapi.com/api/deck/new/shuffle/?deck_count=1,https://deckofcardsapi.com/,none,LIVE,200.0,1146,application/json,REAL_API,0.96,구조화된 실제 API 응답(JSON/XML/Atom/RSS/이미지 등) 확인,True,,2026-08-24T06:50:37.189Z
283,게임·체스·이색,Open Brewery DB Global,,,https://api.openbrewerydb.org/v1/breweries?per_page=1,https://www.openbrewerydb.org/,none,LIVE,200.0,53,application/json,REAL_API,0.96,구조화된 실제 API 응답(JSON/XML/Atom/RSS/이미지 등) 확인,True,,2026-08-24T06:50:36.259Z
284,게임·체스·이색,TheCocktailDB Extended,,,https://www.thecocktaildb.com/api/json/v1/1/search.php?s=margarita,https://www.thecocktaildb.com/api.php,none/demo,LIVE,200.0,742,application/json,REAL_API,0.96,구조화된 실제 API 응답(JSON/XML/Atom/RSS/이미지 등) 확인,True,,2026-08-24T06:50:37.001Z
285,게임·체스·이색,Agify.io / Genderize.io,,,https://api.agify.io?name=michael,https://agify.io/,none,LIVE,200.0,1134,application/json; charset=utf-8,REAL_API,0.96,구조화된 실제 API 응답(JSON/XML/Atom/RSS/이미지 등) 확인,True,,2026-08-24T06:50:37.427Z
